name_ch,name_en,team_ch,team_en,number,position,height,weight,weight,birthday,annual_salary
迈克-康利,Mike Conley,灰熊,grizzlies,11,G,1.85米/6尺1,79公斤/175磅,79公斤/175磅,1987-10-11,本年薪金：3052万美元
马克-加索尔,Marc Gasol,灰熊,grizzlies,33,C,2.16米/7尺1,116公斤/255磅,116公斤/255磅,1985-01-29,本年薪金：2412万美元
钱德勒-帕森斯,Chandler Parsons,灰熊,grizzlies,25,F,2.08米/6尺10,104公斤/230磅,104公斤/230磅,1988-10-25,本年薪金：2411万美元
凯尔-安德森,Kyle Anderson,灰熊,grizzlies,1,F,2.06米/6尺9,104公斤/230磅,104公斤/230磅,1993-09-20,本年薪金：864万美元
加莱特-坦普尔,Garrett Temple,灰熊,grizzlies,17,G-F,1.98米/6尺6,88公斤/195磅,88公斤/195磅,1986-05-08,本年薪金：800万美元
杰迈克尔-格林,JaMychal Green,灰熊,grizzlies,0,F,2.06米/6尺9,103公斤/227磅,103公斤/227磅,1990-06-21,本年薪金：787万美元
小贾伦-杰克逊,Jaren Jackson Jr.,灰熊,grizzlies,13,F,2.11米/6尺11,110公斤/242磅,110公斤/242磅,1999-09-15,本年薪金：591万美元
贾斯廷-霍勒迪,Justin Holiday,灰熊,grizzlies,7,G,1.98米/6尺6,84公斤/185磅,84公斤/185磅,1989-04-05,本年薪金：438万美元
欧米-卡斯比,Omri Casspi,灰熊,grizzlies,18,F,2.06米/6尺9,102公斤/225磅,102公斤/225磅,1988-06-22,本年薪金：217万美元
谢尔文-麦克,Shelvin Mack,灰熊,grizzlies,6,G,1.91米/6尺3,92公斤/203磅,92公斤/203磅,1990-04-22,本年薪金：203万美元
乔金-诺阿,Joakim Noah,灰熊,grizzlies,55,C,2.11米/6尺11,104公斤/230磅,104公斤/230磅,1985-02-25,本年薪金：173万美元
狄龙-布鲁克斯,Dillon Brooks,灰熊,grizzlies,24,G-F,1.98米/6尺6,102公斤/225磅,102公斤/225磅,1996-01-22,本年薪金：138万美元
伊万-拉布,Ivan Rabb,灰熊,grizzlies,10,F,2.08米/6尺10,100公斤/220磅,100公斤/220磅,1997-02-04,本年薪金：138万美元
杰文-卡特,Jevon Carter,灰熊,grizzlies,3,G,1.88米/6尺2,91公斤/200磅,91公斤/200磅,1995-09-14,本年薪金：84万美元
,Julian Washburn,灰熊,grizzlies,4,G-F,2.03米/6尺8,93公斤/205磅,93公斤/205磅,1991-12-18,本年薪金：7万美元
渡边雄太,Yuta Watanabe,灰熊,grizzlies,12,G-F,2.06米/6尺9,93公斤/205磅,93公斤/205磅,1994-10-13,本年薪金：7万美元
阿伦-克拉布,Allen Crabbe,篮网,nets,33,G-F,1.98米/6尺6,98公斤/215磅,98公斤/215磅,1992-04-09,本年薪金：1850万美元
德马雷-卡罗尔,DeMarre Carroll,篮网,nets,9,F,2.03米/6尺8,96公斤/212磅,96公斤/212磅,1986-07-27,本年薪金：1540万美元
贾里德-杜德利,Jared Dudley,篮网,nets,6,F,2.01米/6尺7,102公斤/225磅,102公斤/225磅,1985-07-10,本年薪金：953万美元
乔-哈里斯,Joe Harris,篮网,nets,12,G-F,1.98米/6尺6,99公斤/219磅,99公斤/219磅,1991-09-06,本年薪金：800万美元
丹吉洛-拉塞尔,D'Angelo Russell,篮网,nets,1,G,1.96米/6尺5,88公斤/195磅,88公斤/195磅,1996-02-23,本年薪金：702万美元
埃德-戴维斯,Ed Davis,篮网,nets,17,C,2.08米/6尺10,111公斤/245磅,111公斤/245磅,1989-06-05,本年薪金：445万美元
朗戴-霍利斯-杰弗森,Rondae Hollis-Jefferson,篮网,nets,24,F,2.01米/6尺7,97公斤/214磅,97公斤/214磅,1995-01-03,本年薪金：224万美元
贾莱特-阿伦,Jarrett Allen,篮网,nets,31,C,2.08米/6尺10,107公斤/235磅,107公斤/235磅,1998-04-21,本年薪金：203万美元
沙巴兹-内皮尔,Shabazz Napier,篮网,nets,13,G,1.85米/6尺1,79公斤/175磅,79公斤/175磅,1991-07-14,本年薪金：194万美元
卡里斯-勒韦尔,Caris LeVert,篮网,nets,22,G,2.01米/6尺7,92公斤/203磅,92公斤/203磅,1994-08-25,本年薪金：170万美元
斯潘塞-丁威迪,Spencer Dinwiddie,篮网,nets,8,G,1.98米/6尺6,91公斤/200磅,91公斤/200磅,1993-04-06,本年薪金：166万美元
扎南-穆萨,Dzanan Musa,篮网,nets,30,G-F,2.06米/6尺9,88公斤/195磅,88公斤/195磅,1999-05-08,本年薪金：163万美元
罗季翁斯-库鲁茨,Rodions Kurucs,篮网,nets,00,F,2.06米/6尺9,100公斤/220磅,100公斤/220磅,1998-02-05,本年薪金：162万美元
特雷韦恩-格雷厄姆,Treveon Graham,篮网,nets,21,F,1.98米/6尺6,102公斤/226磅,102公斤/226磅,1993-10-28,本年薪金：151万美元
阿兰-威廉姆斯,Alan Williams,篮网,nets,15,F,2.03米/6尺8,118公斤/260磅,118公斤/260磅,1993-01-28,本年薪金：7万美元
西奥-平森,Theo Pinson,篮网,nets,10,G,1.98米/6尺6,99公斤/218磅,99公斤/218磅,1995-11-05,本年薪金：7万美元
达尼罗-加里纳利,Danilo Gallinari,快船,clippers,8,F,2.08米/6尺10,102公斤/225磅,102公斤/225磅,1988-08-08,本年薪金：2159万美元
托拜厄斯-哈里斯,Tobias Harris,快船,clippers,34,F,2.06米/6尺9,107公斤/235磅,107公斤/235磅,1992-07-15,本年薪金：1480万美元
马尔钦-戈塔特,Marcin Gortat,快船,clippers,13,C,2.11米/6尺11,109公斤/240磅,109公斤/240磅,1984-02-17,本年薪金：1357万美元
埃弗里-布拉德利,Avery Bradley,快船,clippers,11,G,1.88米/6尺2,82公斤/180磅,82公斤/180磅,1990-11-26,本年薪金：1200万美元
路易斯-威廉姆斯,Lou Williams,快船,clippers,23,G,1.85米/6尺1,79公斤/175磅,79公斤/175磅,1986-10-27,本年薪金：800万美元
博班-马里亚诺维奇,Boban Marjanovic,快船,clippers,51,C,2.21米/7尺3,132公斤/290磅,132公斤/290磅,1988-08-15,本年薪金：700万美元
米洛什-特奥多西奇,Milos Teodosic,快船,clippers,4,G,1.96米/6尺5,89公斤/196磅,89公斤/196磅,1987-03-19,本年薪金：630万美元
蒙特雷兹-哈勒尔,Montrezl Harrell,快船,clippers,5,F-C,2.03米/6尺8,109公斤/240磅,109公斤/240磅,1994-01-26,本年薪金：600万美元
帕特里克-贝弗利,Patrick Beverley,快船,clippers,21,G,1.85米/6尺1,84公斤/185磅,84公斤/185磅,1988-07-12,本年薪金：503万美元
卢克-理查德-巴莫特,Luc Mbah a Moute,快船,clippers,12,F,2.03米/6尺8,104公斤/230磅,104公斤/230磅,1986-09-09,本年薪金：432万美元
迈克-斯科特,Mike Scott,快船,clippers,30,F,2.03米/6尺8,107公斤/237磅,107公斤/237磅,1988-07-16,本年薪金：432万美元
谢伊-吉尔杰斯-亚历山大,Shai Gilgeous-Alexander,快船,clippers,2,G,1.98米/6尺6,82公斤/180磅,82公斤/180磅,1998-07-12,本年薪金：337万美元
杰罗姆-罗宾逊,Jerome Robinson,快船,clippers,10,G,1.96米/6尺5,86公斤/190磅,86公斤/190磅,1997-02-22,本年薪金：305万美元
辛达里厄斯-桑韦尔,Sindarius Thornwell,快船,clippers,0,G,1.96米/6尺5,98公斤/215磅,98公斤/215磅,1994-11-15,本年薪金：138万美元
蒂龙-华莱士,Tyrone Wallace,快船,clippers,9,G,1.96米/6尺5,90公斤/198磅,90公斤/198磅,1994-06-10,本年薪金：135万美元
乔纳森-莫特利,Johnathan Motley,快船,clippers,15,F,2.08米/6尺10,104公斤/230磅,104公斤/230磅,1995-05-04,本年薪金：7万美元
安吉尔-德尔加多,Angel Delgado,快船,clippers,31,C,2.08米/6尺10,109公斤/240磅,109公斤/240磅,1994-11-20,本年薪金：7万美元
布雷克-格里芬,Blake Griffin,活塞,pistons,23,F,2.08米/6尺10,114公斤/251磅,114公斤/251磅,1989-03-16,本年薪金：3187万美元
安德烈-德拉蒙德,Andre Drummond,活塞,pistons,0,C,2.11米/6尺11,127公斤/279磅,127公斤/279磅,1993-08-10,本年薪金：2543万美元
雷吉-杰克逊,Reggie Jackson,活塞,pistons,1,G,1.91米/6尺3,94公斤/208磅,94公斤/208磅,1990-04-16,本年薪金：1704万美元
乔恩-洛伊尔,Jon Leuer,活塞,pistons,30,F,2.08米/6尺10,103公斤/228磅,103公斤/228磅,1989-05-14,本年薪金：1000万美元
兰斯顿-加洛韦,Langston Galloway,活塞,pistons,9,G,1.88米/6尺2,91公斤/200磅,91公斤/200磅,1991-12-09,本年薪金：700万美元
伊斯梅尔-史密斯,Ish Smith,活塞,pistons,14,G,1.83米/6尺0,79公斤/175磅,79公斤/175磅,1988-07-05,本年薪金：600万美元
格伦-罗宾逊三世,Glenn Robinson III,活塞,pistons,22,G-F,1.98米/6尺6,101公斤/222磅,101公斤/222磅,1994-01-08,本年薪金：407万美元
斯坦利-约翰逊,Stanley Johnson,活塞,pistons,7,F,2.01米/6尺7,111公斤/245磅,111公斤/245磅,1996-05-29,本年薪金：394万美元
卢克-肯纳德,Luke Kennard,活塞,pistons,5,G,1.96米/6尺5,91公斤/200磅,91公斤/200磅,1996-06-24,本年薪金：328万美元
雷吉-布洛克,Reggie Bullock,活塞,pistons,25,F,2.01米/6尺7,93公斤/205磅,93公斤/205磅,1991-03-16,本年薪金：250万美元
何塞-卡尔德隆,Jose Calderon,活塞,pistons,81,G,1.91米/6尺3,91公斤/200磅,91公斤/200磅,1981-09-28,本年薪金：239万美元
扎扎-帕楚里亚,Zaza Pachulia,活塞,pistons,27,C,2.11米/6尺11,125公斤/275磅,125公斤/275磅,1984-02-10,本年薪金：239万美元
亨利-埃伦森,Henry Ellenson,活塞,pistons,8,F,2.11米/6尺11,111公斤/245磅,111公斤/245磅,1997-01-13,本年薪金：186万美元
布鲁斯-布朗,Bruce Brown,活塞,pistons,6,G,1.96米/6尺5,86公斤/190磅,86公斤/190磅,1996-08-15,本年薪金：84万美元
凯里-托马斯,Khyri Thomas,活塞,pistons,13,G,1.91米/6尺3,95公斤/210磅,95公斤/210磅,1996-05-08,本年薪金：84万美元
卡林-卢卡斯,Kalin Lucas,活塞,pistons,,G,1.85米/6尺1,88公斤/195磅,88公斤/195磅,1989-05-24,本年薪金：7万美元
以赛亚-怀特黑德,Isaiah Whitehead,活塞,pistons,15,G,1.93米/6尺4,97公斤/213磅,97公斤/213磅,1995-03-08,本年薪金：7万美元
奥托-波特,Otto Porter Jr.,奇才,wizards,22,F,2.03米/6尺8,90公斤/198磅,90公斤/198磅,1993-06-03,本年薪金：2601万美元
布拉德利-比尔,Bradley Beal,奇才,wizards,3,G,1.96米/6尺5,94公斤/207磅,94公斤/207磅,1993-06-28,本年薪金：2543万美元
约翰-沃尔,John Wall,奇才,wizards,2,G,1.93米/6尺4,95公斤/210磅,95公斤/210磅,1990-09-06,本年薪金：1917万美元
伊安-马辛米,Ian Mahinmi,奇才,wizards,28,C,2.11米/6尺11,119公斤/262磅,119公斤/262磅,1986-11-05,本年薪金：1594万美元
特雷沃-阿里扎,Trevor Ariza,奇才,wizards,1,F,2.03米/6尺8,98公斤/215磅,98公斤/215磅,1985-06-30,本年薪金：1500万美元
马基夫-莫里斯,Markieff Morris,奇才,wizards,5,F,2.08米/6尺10,111公斤/245磅,111公斤/245磅,1989-09-02,本年薪金：860万美元
德怀特-霍华德,Dwight Howard,奇才,wizards,21,C,2.11米/6尺11,120公斤/265磅,120公斤/265磅,1985-12-08,本年薪金：534万美元
托马什-萨托兰斯基,Tomas Satoransky,奇才,wizards,31,G-F,2.01米/6尺7,95公斤/210磅,95公斤/210磅,1991-10-30,本年薪金：313万美元
萨姆-德克尔,Sam Dekker,奇才,wizards,8,F,2.06米/6尺9,104公斤/230磅,104公斤/230磅,1994-05-08,本年薪金：276万美元
特洛伊-布朗,Troy Brown Jr.,奇才,wizards,6,F,2.01米/6尺7,98公斤/215磅,98公斤/215磅,1999-07-28,本年薪金：275万美元
杰夫-格林,Jeff Green,奇才,wizards,32,F,2.06米/6尺9,107公斤/235磅,107公斤/235磅,1986-08-28,本年薪金：239万美元
托马斯-布莱恩特,Thomas Bryant,奇才,wizards,13,C,2.08米/6尺10,112公斤/248磅,112公斤/248磅,1997-07-31,本年薪金：138万美元
沙松-兰德尔,Chasson Randle,奇才,wizards,9,G,1.88米/6尺2,84公斤/185磅,84公斤/185磅,1993-02-05,本年薪金：87万美元
德文-罗宾逊,Devin Robinson,奇才,wizards,7,F,2.03米/6尺8,91公斤/200磅,91公斤/200磅,1995-03-07,本年薪金：7万美元
乔丹-麦克雷,Jordan McRae,奇才,wizards,52,G,1.96米/6尺5,81公斤/179磅,81公斤/179磅,1991-03-28,本年薪金：7万美元
加里-佩顿二世,Gary Payton II,奇才,wizards,4,G,1.91米/6尺3,86公斤/190磅,86公斤/190磅,1992-12-01,本年薪金：万美元
扎克-兰多夫,Zach Randolph,国王,kings,50,F,2.06米/6尺9,118公斤/260磅,118公斤/260磅,1981-07-16,本年薪金：1169万美元
伊曼-香珀特,Iman Shumpert,国王,kings,9,G,1.96米/6尺5,100公斤/220磅,100公斤/220磅,1990-06-26,本年薪金：1101万美元
波格丹-波格丹诺维奇,Bogdan Bogdanovic,国王,kings,8,G,1.98米/6尺6,93公斤/205磅,93公斤/205磅,1992-08-18,本年薪金：900万美元
科斯塔-库佛斯,Kosta Koufos,国王,kings,41,C,2.13米/7尺0,120公斤/265磅,120公斤/265磅,1989-02-24,本年薪金：874万美元
马文-巴格利,Marvin Bagley III,国王,kings,35,F,2.11米/6尺11,107公斤/235磅,107公斤/235磅,1999-03-14,本年薪金：730万美元
内马尼亚-别利察,Nemanja Bjelica,国王,kings,88,F,2.08米/6尺10,102公斤/225磅,102公斤/225磅,1988-05-09,本年薪金：650万美元
达龙-福克斯,De'Aaron Fox,国王,kings,5,G,1.91米/6尺3,79公斤/175磅,79公斤/175磅,1997-12-20,本年薪金：547万美元
本-麦克勒摩,Ben McLemore,国王,kings,23,G,1.96米/6尺5,88公斤/195磅,88公斤/195磅,1993-02-11,本年薪金：546万美元
威利-考利-斯坦,Willie Cauley-Stein,国王,kings,00,C,2.13米/7尺0,109公斤/240磅,109公斤/240磅,1993-08-18,本年薪金：470万美元
巴迪-希尔德,Buddy Hield,国王,kings,24,G,1.93米/6尺4,97公斤/214磅,97公斤/214磅,1992-12-17,本年薪金：383万美元
约吉-费雷尔,Yogi Ferrell,国王,kings,3,G,1.83米/6尺0,82公斤/180磅,82公斤/180磅,1993-05-09,本年薪金：300万美元
贾斯廷-杰克逊,Justin Jackson,国王,kings,25,F,2.03米/6尺8,95公斤/210磅,95公斤/210磅,1995-03-28,本年薪金：281万美元
哈里-贾尔斯,Harry Giles III,国王,kings,20,F-C,2.08米/6尺10,109公斤/240磅,109公斤/240磅,1998-04-22,本年薪金：221万美元
弗兰克-梅森,Frank Mason,国王,kings,10,G,1.83米/6尺0,86公斤/190磅,86公斤/190磅,1994-04-03,本年薪金：138万美元
斯卡尔-拉比西埃,Skal Labissiere,国王,kings,7,F,2.11米/6尺11,102公斤/225磅,102公斤/225磅,1996-03-18,本年薪金：130万美元
韦尼恩-加布里埃尔,Wenyen Gabriel,国王,kings,32,F,2.06米/6尺9,97公斤/213磅,97公斤/213磅,1997-03-26,本年薪金：7万美元
特洛伊-威廉姆斯,Troy Williams,国王,kings,19,G-F,2.01米/6尺7,95公斤/210磅,95公斤/210磅,1994-12-30,本年薪金：7万美元
凯尔-洛瑞,Kyle Lowry,猛龙,raptors,7,G,1.83米/6尺0,93公斤/205磅,93公斤/205磅,1986-03-25,本年薪金：3100万美元
赛尔吉-伊巴卡,Serge Ibaka,猛龙,raptors,9,C-F,2.08米/6尺10,107公斤/235磅,107公斤/235磅,1989-09-18,本年薪金：2167万美元
科怀-伦纳德,Kawhi Leonard,猛龙,raptors,2,F,2.01米/6尺7,104公斤/230磅,104公斤/230磅,1991-06-29,本年薪金：2010万美元
约纳斯-瓦兰丘纳斯,Jonas Valanciunas,猛龙,raptors,17,C,2.13米/7尺0,116公斤/255磅,116公斤/255磅,1992-05-06,本年薪金：1654万美元
丹尼-格林,Danny Green,猛龙,raptors,14,G-F,1.98米/6尺6,98公斤/215磅,98公斤/215磅,1987-06-22,本年薪金：1000万美元
诺曼-鲍威尔,Norman Powell,猛龙,raptors,24,F-G,1.93米/6尺4,98公斤/215磅,98公斤/215磅,1993-05-25,本年薪金：937万美元
弗雷德-范弗利特,Fred VanVleet,猛龙,raptors,23,G,1.83米/6尺0,88公斤/195磅,88公斤/195磅,1994-02-25,本年薪金：865万美元
CJ-迈尔斯,CJ Miles,猛龙,raptors,0,F-G,1.98米/6尺6,102公斤/225磅,102公斤/225磅,1987-03-18,本年薪金：833万美元
德朗-赖特,Delon Wright,猛龙,raptors,55,G,1.96米/6尺5,86公斤/190磅,86公斤/190磅,1992-04-26,本年薪金：254万美元
格雷格-门罗,Greg Monroe,猛龙,raptors,15,C,2.11米/6尺11,120公斤/265磅,120公斤/265磅,1990-06-04,本年薪金：217万美元
OG-阿奴诺比,OG Anunoby,猛龙,raptors,3,F,2.03米/6尺8,107公斤/235磅,107公斤/235磅,1997-07-17,本年薪金：195万美元
马拉奇-理查德森,Malachi Richardson,猛龙,raptors,22,G,1.98米/6尺6,93公斤/205磅,93公斤/205磅,1996-01-05,本年薪金：157万美元
帕斯卡尔-西亚卡姆,Pascal Siakam,猛龙,raptors,43,F,2.06米/6尺9,104公斤/230磅,104公斤/230磅,1994-04-02,本年薪金：130万美元
克里斯-布歇,Chris Boucher,猛龙,raptors,25,F,2.08米/6尺10,91公斤/200磅,91公斤/200磅,1993-01-11,本年薪金：84万美元
帕特里克-麦考,Patrick McCaw,猛龙,raptors,1,G,2.01米/6尺7,84公斤/185磅,84公斤/185磅,1995-10-25,本年薪金：78万美元
乔丹-劳埃德,Jordan Loyd,猛龙,raptors,8,G,1.93米/6尺4,95公斤/210磅,95公斤/210磅,1993-07-27,本年薪金：7万美元
莱恩-安德森,Ryan Anderson,太阳,suns,15,F,2.08米/6尺10,109公斤/240磅,109公斤/240磅,1988-05-06,本年薪金：2042万美元
TJ-沃伦,TJ Warren,太阳,suns,12,F,2.03米/6尺8,102公斤/225磅,102公斤/225磅,1993-09-05,本年薪金：1175万美元
德安德烈-艾顿,Deandre Ayton,太阳,suns,22,C,2.16米/7尺1,118公斤/260磅,118公斤/260磅,1998-07-23,本年薪金：816万美元
约什-杰克逊,Josh Jackson,太阳,suns,20,F,2.03米/6尺8,93公斤/205磅,93公斤/205磅,1997-02-10,本年薪金：604万美元
德拉甘-本德尔,Dragan Bender,太阳,suns,35,F,2.16米/7尺1,102公斤/225磅,102公斤/225磅,1997-11-17,本年薪金：466万美元
米卡尔-布里奇斯,Mikal Bridges,太阳,suns,25,F,2.01米/6尺7,95公斤/209磅,95公斤/209磅,1996-08-30,本年薪金：355万美元
特洛伊-丹尼尔斯,Troy Daniels,太阳,suns,30,G,1.93米/6尺4,93公斤/205磅,93公斤/205磅,1991-07-15,本年薪金：348万美元
德文-布克,Devin Booker,太阳,suns,1,G,1.98米/6尺6,93公斤/206磅,93公斤/206磅,1996-10-30,本年薪金：331万美元
凯利-乌布雷,Kelly Oubre Jr.,太阳,suns,3,F,2.01米/6尺7,93公斤/205磅,93公斤/205磅,1995-12-09,本年薪金：321万美元
贾马尔-克劳福德,Jamal Crawford,太阳,suns,11,G,1.96米/6尺5,88公斤/195磅,88公斤/195磅,1980-03-20,本年薪金：240万美元
里乔恩-霍姆斯,Richaun Holmes,太阳,suns,21,F-C,2.08米/6尺10,111公斤/245磅,111公斤/245磅,1993-10-15,本年薪金：160万美元
埃利-奥科博,Elie Okobo,太阳,suns,2,G,1.88米/6尺2,82公斤/180磅,82公斤/180磅,1997-10-23,本年薪金：124万美元
丹东尼-梅尔顿,De'Anthony Melton,太阳,suns,14,G,1.93米/6尺4,86公斤/190磅,86公斤/190磅,1998-05-28,本年薪金：84万美元
昆西-埃西,Quincy Acy,太阳,suns,4,F,2.01米/6尺7,109公斤/240磅,109公斤/240磅,1990-10-06,本年薪金：11万美元
贾旺-埃文斯,Jawun Evans,太阳,suns,0,G,1.83米/6尺0,86公斤/190磅,86公斤/190磅,1996-07-26,本年薪金：7万美元
乔治-金,George King,太阳,suns,8,F,1.98米/6尺6,100公斤/220磅,100公斤/220磅,1994-01-15,本年薪金：7万美元
克里斯-保罗,Chris Paul,火箭,rockets,3,G,1.83米/6尺0,79公斤/175磅,79公斤/175磅,1985-05-06,本年薪金：3565万美元
詹姆斯-哈登,James Harden,火箭,rockets,13,G,1.96米/6尺5,100公斤/220磅,100公斤/220磅,1989-08-26,本年薪金：3043万美元
布兰登-奈特,Brandon Knight,火箭,rockets,2,G,1.91米/6尺3,88公斤/195磅,88公斤/195磅,1991-12-02,本年薪金：1463万美元
克林特-卡佩拉,Clint Capela,火箭,rockets,15,C,2.11米/6尺11,109公斤/240磅,109公斤/240磅,1994-05-18,本年薪金：1379万美元
埃里克-戈登,Eric Gordon,火箭,rockets,10,G,1.93米/6尺4,98公斤/215磅,98公斤/215磅,1988-12-25,本年薪金：1350万美元
PJ-塔克,PJ Tucker,火箭,rockets,17,F,1.98米/6尺6,111公斤/245磅,111公斤/245磅,1985-05-05,本年薪金：797万美元
内内, Nene,火箭,rockets,42,C-F,2.11米/6尺11,113公斤/250磅,113公斤/250磅,1982-09-13,本年薪金：365万美元
马基斯-克里斯,Marquese Chriss,火箭,rockets,0,F,2.08米/6尺10,106公斤/233磅,106公斤/233磅,1997-07-02,本年薪金：321万美元
杰拉德-格林,Gerald Green,火箭,rockets,14,G-F,2.01米/6尺7,93公斤/205磅,93公斤/205磅,1986-01-26,本年薪金：240万美元
詹姆斯-恩尼斯,James Ennis III,火箭,rockets,8,F,2.01米/6尺7,95公斤/210磅,95公斤/210磅,1990-07-01,本年薪金：162万美元
奥斯汀-里弗斯,Austin Rivers,火箭,rockets,25,G,1.93米/6尺4,91公斤/200磅,91公斤/200磅,1992-08-01,本年薪金：116万美元
以赛亚-哈尔滕施泰因,Isaiah Hartenstein,火箭,rockets,55,F-C,2.13米/7尺0,113公斤/249磅,113公斤/249磅,1998-05-05,本年薪金：84万美元
加里-克拉克,Gary Clark,火箭,rockets,6,F,2.03米/6尺8,102公斤/225磅,102公斤/225磅,1994-11-16,本年薪金：60万美元
丹纽尔-豪斯,Danuel House,火箭,rockets,4,G,2.01米/6尺7,98公斤/215磅,98公斤/215磅,1993-06-07,本年薪金：7万美元
文森特-爱德华兹,Vincent Edwards,火箭,rockets,12,F,2.03米/6尺8,102公斤/225磅,102公斤/225磅,1996-04-05,本年薪金：7万美元
肯尼思-法里德,Kenneth Faried,火箭,rockets,35,F-C,2.03米/6尺8,103公斤/228磅,103公斤/228磅,1989-11-19,本年薪金：万美元
埃内斯-坎特,Enes Kanter,尼克斯,knicks,00,C,2.11米/6尺11,111公斤/245磅,111公斤/245磅,1992-05-20,本年薪金：1862万美元
小蒂姆-哈达威,Tim Hardaway Jr.,尼克斯,knicks,3,F-G,1.98米/6尺6,93公斤/205磅,93公斤/205磅,1992-03-16,本年薪金：1733万美元
考特尼-李,Courtney Lee,尼克斯,knicks,5,G,1.96米/6尺5,91公斤/200磅,91公斤/200磅,1985-10-03,本年薪金：1225万美元
兰斯-托马斯,Lance Thomas,尼克斯,knicks,42,F,2.03米/6尺8,107公斤/235磅,107公斤/235磅,1988-04-24,本年薪金：712万美元
马里奥-海佐尼亚,Mario Hezonja,尼克斯,knicks,8,F-G,2.03米/6尺8,99公斤/218磅,99公斤/218磅,1995-02-25,本年薪金：650万美元
克里斯塔普斯-波尔津吉斯,Kristaps Porzingis,尼克斯,knicks,6,F-C,2.21米/7尺3,109公斤/240磅,109公斤/240磅,1995-08-02,本年薪金：570万美元
伊曼纽尔-穆迪埃,Emmanuel Mudiay,尼克斯,knicks,1,G,1.96米/6尺5,91公斤/200磅,91公斤/200磅,1996-03-05,本年薪金：429万美元
弗朗克-尼利基纳,Frank Ntilikina,尼克斯,knicks,11,G,1.96米/6尺5,86公斤/190磅,86公斤/190磅,1998-07-28,本年薪金：416万美元
凯文-诺克斯,Kevin Knox,尼克斯,knicks,20,F,2.06米/6尺9,98公斤/215磅,98公斤/215磅,1999-08-11,本年薪金：374万美元
阿朗佐-特里尔,Allonzo Trier,尼克斯,knicks,14,G,1.96米/6尺5,90公斤/198磅,90公斤/198磅,1996-01-17,本年薪金：338万美元
特雷-伯克,Trey Burke,尼克斯,knicks,23,G,1.85米/6尺1,87公斤/191磅,87公斤/191磅,1992-11-12,本年薪金：180万美元
卢克-科内特,Luke Kornet,尼克斯,knicks,2,F-C,2.16米/7尺1,113公斤/250磅,113公斤/250磅,1995-07-15,本年薪金：162万美元
丹伊恩-多特森,Damyean Dotson,尼克斯,knicks,21,G,1.96米/6尺5,95公斤/210磅,95公斤/210磅,1994-05-06,本年薪金：162万美元
诺阿-冯莱,Noah Vonleh,尼克斯,knicks,32,F,2.06米/6尺9,111公斤/245磅,111公斤/245磅,1995-08-24,本年薪金：162万美元
米切尔-罗宾逊,Mitchell Robinson,尼克斯,knicks,26,C,2.16米/7尺1,101公斤/223磅,101公斤/223磅,1998-04-01,本年薪金：149万美元
卡迪姆-阿伦,Kadeem Allen,尼克斯,knicks,0,G,1.91米/6尺3,91公斤/200磅,91公斤/200磅,1993-01-15,本年薪金：7万美元
以赛亚-希克斯,Isaiah Hicks,尼克斯,knicks,4,F,2.06米/6尺9,110公斤/242磅,110公斤/242磅,1994-07-24,本年薪金：7万美元
肯特-贝兹莫尔,Kent Bazemore,老鹰,hawks,24,G,1.96米/6尺5,91公斤/201磅,91公斤/201磅,1989-07-01,本年薪金：1809万美元
林书豪,Jeremy Lin,老鹰,hawks,7,G,1.91米/6尺3,91公斤/200磅,91公斤/200磅,1988-08-23,本年薪金：1252万美元
迈尔斯-普拉姆利,Miles Plumlee,老鹰,hawks,18,C,2.11米/6尺11,113公斤/249磅,113公斤/249磅,1988-09-01,本年薪金：1250万美元
德维恩-戴德蒙,Dewayne Dedmon,老鹰,hawks,14,C,2.13米/7尺0,111公斤/245磅,111公斤/245磅,1989-08-12,本年薪金：630万美元
特雷-杨,Trae Young,老鹰,hawks,11,G,1.88米/6尺2,82公斤/180磅,82公斤/180磅,1998-09-19,本年薪金：536万美元
亚历克斯-莱恩,Alex Len,老鹰,hawks,25,C,2.16米/7尺1,118公斤/260磅,118公斤/260磅,1993-06-16,本年薪金：415万美元
托里恩-普林斯,Taurean Prince,老鹰,hawks,12,F,2.03米/6尺8,100公斤/220磅,100公斤/220磅,1994-03-22,本年薪金：253万美元
贾斯廷-安德森,Justin Anderson,老鹰,hawks,1,G-F,1.98米/6尺6,103公斤/228磅,103公斤/228磅,1993-11-19,本年薪金：252万美元
文斯-卡特,Vince Carter,老鹰,hawks,15,G-F,1.98米/6尺6,100公斤/220磅,100公斤/220磅,1977-01-26,本年薪金：239万美元
约翰-科林斯,John Collins,老鹰,hawks,20,F-C,2.08米/6尺10,107公斤/235磅,107公斤/235磅,1997-09-23,本年薪金：230万美元
凯文-赫尔特,Kevin Huerter,老鹰,hawks,3,G,2.01米/6尺7,86公斤/190磅,86公斤/190磅,1998-08-27,本年薪金：225万美元
德安德烈-本布里,DeAndre' Bembry,老鹰,hawks,95,F,1.98米/6尺6,95公斤/210磅,95公斤/210磅,1994-07-04,本年薪金：163万美元
奥马里-斯佩尔曼,Omari Spellman,老鹰,hawks,6,F,2.06米/6尺9,111公斤/245磅,111公斤/245磅,1997-07-21,本年薪金：162万美元
泰勒-多西,Tyler Dorsey,老鹰,hawks,2,G,1.93米/6尺4,83公斤/183磅,83公斤/183磅,1996-02-18,本年薪金：138万美元
丹尼尔-汉密尔顿,Daniel Hamilton,老鹰,hawks,5,G-F,2.01米/6尺7,88公斤/195磅,88公斤/195磅,1995-08-08,本年薪金：135万美元
杰伦-亚当斯,Jaylen Adams,老鹰,hawks,10,G,1.88米/6尺2,102公斤/225磅,102公斤/225磅,1996-05-04,本年薪金：7万美元
亚历克斯-波伊思雷斯,Alex Poythress,老鹰,hawks,22,F,2.01米/6尺7,108公斤/238磅,108公斤/238磅,1993-09-06,本年薪金：7万美元
安德鲁-威金斯,Andrew Wiggins,森林狼,timberwolves,22,F,2.03米/6尺8,90公斤/199磅,90公斤/199磅,1995-02-23,本年薪金：2525万美元
杰夫-蒂格,Jeff Teague,森林狼,timberwolves,0,G,1.88米/6尺2,84公斤/186磅,84公斤/186磅,1988-06-10,本年薪金：1900万美元
戈尔吉-吉昂,Gorgui Dieng,森林狼,timberwolves,5,C,2.11米/6尺11,109公斤/240磅,109公斤/240磅,1990-01-18,本年薪金：1517万美元
泰-吉布森,Taj Gibson,森林狼,timberwolves,67,F,2.06米/6尺9,107公斤/236磅,107公斤/236磅,1985-06-24,本年薪金：1400万美元
罗伯特-科温顿,Robert Covington,森林狼,timberwolves,33,F,2.06米/6尺9,98公斤/215磅,98公斤/215磅,1990-12-14,本年薪金：1002万美元
杰里-贝勒斯,Jerryd Bayless,森林狼,timberwolves,8,G,1.91米/6尺3,91公斤/200磅,91公斤/200磅,1988-08-20,本年薪金：858万美元
卡尔-安东尼-唐斯,Karl-Anthony Towns,森林狼,timberwolves,32,C-F,2.13米/7尺0,111公斤/244磅,111公斤/244磅,1995-11-15,本年薪金：784万美元
安东尼-托利弗,Anthony Tolliver,森林狼,timberwolves,43,F,2.03米/6尺8,109公斤/240磅,109公斤/240磅,1985-06-01,本年薪金：575万美元
达里奥-沙里奇,Dario Saric,森林狼,timberwolves,36,F,2.08米/6尺10,101公斤/223磅,101公斤/223磅,1994-04-08,本年薪金：253万美元
泰厄斯-琼斯,Tyus Jones,森林狼,timberwolves,1,G,1.88米/6尺2,88公斤/195磅,88公斤/195磅,1996-05-10,本年薪金：244万美元
洛尔-邓,Luol Deng,森林狼,timberwolves,9,F,2.06米/6尺9,100公斤/220磅,100公斤/220磅,1985-04-16,本年薪金：240万美元
德里克-罗斯,Derrick Rose,森林狼,timberwolves,25,G,1.91米/6尺3,86公斤/190磅,86公斤/190磅,1988-10-04,本年薪金：240万美元
约什-奥科吉,Josh Okogie,森林狼,timberwolves,20,G,1.93米/6尺4,97公斤/213磅,97公斤/213磅,1998-09-01,本年薪金：216万美元
凯塔-贝茨-迪奥普,Keita Bates-Diop,森林狼,timberwolves,31,F,2.01米/6尺7,107公斤/235磅,107公斤/235磅,1996-01-23,本年薪金：84万美元
杰瑞-特雷尔,Jared Terrell,森林狼,timberwolves,3,G,1.91米/6尺3,98公斤/215磅,98公斤/215磅,1995-02-10,本年薪金：7万美元
CJ-威廉姆斯,C.J. Williams,森林狼,timberwolves,12,G,1.96米/6尺5,104公斤/230磅,104公斤/230磅,1990-02-06,本年薪金：7万美元
保罗-米尔萨普,Paul Millsap,掘金,nuggets,4,F,2.03米/6尺8,112公斤/246磅,112公斤/246磅,1985-02-10,本年薪金：2973万美元
尼古拉-约基奇,Nikola Jokic,掘金,nuggets,15,C,2.13米/7尺0,113公斤/250磅,113公斤/250磅,1995-02-19,本年薪金：2548万美元
加里-哈里斯,Gary Harris,掘金,nuggets,14,G,1.93米/6尺4,95公斤/210磅,95公斤/210磅,1994-09-14,本年薪金：1652万美元
梅森-普拉姆利,Mason Plumlee,掘金,nuggets,24,F-C,2.11米/6尺11,116公斤/255磅,116公斤/255磅,1990-03-05,本年薪金：1291万美元
威尔-巴顿,Will Barton,掘金,nuggets,5,G,1.98米/6尺6,79公斤/175磅,79公斤/175磅,1991-01-06,本年薪金：1183万美元
贾马尔-默里,Jamal Murray,掘金,nuggets,27,G,1.93米/6尺4,94公斤/207磅,94公斤/207磅,1997-02-23,本年薪金：350万美元
特雷-莱尔斯,Trey Lyles,掘金,nuggets,7,F,2.08米/6尺10,106公斤/234磅,106公斤/234磅,1995-11-05,本年薪金：336万美元
迈克尔-波特,Michael Porter Jr.,掘金,nuggets,1,F,2.08米/6尺10,98公斤/215磅,98公斤/215磅,1998-06-29,本年薪金：289万美元
胡安-埃尔南戈麦斯,Juancho Hernangomez,掘金,nuggets,41,F,2.06米/6尺9,104公斤/230磅,104公斤/230磅,1995-09-28,本年薪金：217万美元
以赛亚-托马斯,Isaiah Thomas,掘金,nuggets,0,G,1.75米/5尺9,84公斤/185磅,84公斤/185磅,1989-02-07,本年薪金：203万美元
托里-克雷格,Torrey Craig,掘金,nuggets,3,F,1.98米/6尺6,98公斤/215磅,98公斤/215磅,1990-12-19,本年薪金：200万美元
泰勒-莱登,Tyler Lydon,掘金,nuggets,20,F,2.06米/6尺9,100公斤/220磅,100公斤/220磅,1996-04-09,本年薪金：187万美元
马利克-比斯利,Malik Beasley,掘金,nuggets,25,G,1.96米/6尺5,89公斤/196磅,89公斤/196磅,1996-11-26,本年薪金：177万美元
蒙特-莫里斯,Monte Morris,掘金,nuggets,11,G,1.88米/6尺2,79公斤/175磅,79公斤/175磅,1995-06-27,本年薪金：135万美元
贾里德-范德比尔特,Jarred Vanderbilt,掘金,nuggets,8,F,2.06米/6尺9,97公斤/214磅,97公斤/214磅,1999-04-03,本年薪金：84万美元
布兰登-古德温,Brandon Goodwin,掘金,nuggets,6,G,1.88米/6尺2,82公斤/180磅,82公斤/180磅,1995-10-02,本年薪金：7万美元
托马斯-韦尔什,Thomas Welsh,掘金,nuggets,45,C,2.13米/7尺0,116公斤/255磅,116公斤/255磅,1996-02-03,本年薪金：7万美元
斯蒂芬-库里,Stephen Curry,勇士,warriors,30,G,1.91米/6尺3,86公斤/190磅,86公斤/190磅,1988-03-14,本年薪金：3746万美元
凯文-杜兰特,Kevin Durant,勇士,warriors,35,F,2.06米/6尺9,109公斤/240磅,109公斤/240磅,1988-09-29,本年薪金：3000万美元
克莱-汤普森,Klay Thompson,勇士,warriors,11,G,2.01米/6尺7,98公斤/215磅,98公斤/215磅,1990-02-08,本年薪金：1899万美元
德雷蒙德-格林,Draymond Green,勇士,warriors,23,F,2.01米/6尺7,104公斤/230磅,104公斤/230磅,1990-03-04,本年薪金：1747万美元
安德烈-伊格达拉,Andre Iguodala,勇士,warriors,9,G-F,1.98米/6尺6,98公斤/215磅,98公斤/215磅,1984-01-28,本年薪金：1600万美元
肖恩-利文斯顿,Shaun Livingston,勇士,warriors,34,G,2.01米/6尺7,87公斤/192磅,87公斤/192磅,1985-09-11,本年薪金：831万美元
德马库斯-考辛斯,DeMarcus Cousins,勇士,warriors,0,C,2.11米/6尺11,122公斤/270磅,122公斤/270磅,1990-08-13,本年薪金：534万美元
约纳斯-杰雷布科,Jonas Jerebko,勇士,warriors,21,F,2.08米/6尺10,105公斤/231磅,105公斤/231磅,1987-03-02,本年薪金：217万美元
雅各布-埃文斯,Jacob Evans,勇士,warriors,10,G,1.98米/6尺6,95公斤/210磅,95公斤/210磅,1997-06-18,本年薪金：164万美元
凯文-卢尼,Kevon Looney,勇士,warriors,5,F,2.06米/6尺9,100公斤/220磅,100公斤/220磅,1996-02-06,本年薪金：157万美元
奎因-库克,Quinn Cook,勇士,warriors,4,G,1.88米/6尺2,81公斤/179磅,81公斤/179磅,1993-03-23,本年薪金：154万美元
乔丹-贝尔,Jordan Bell,勇士,warriors,2,F,2.03米/6尺8,102公斤/225磅,102公斤/225磅,1995-01-07,本年薪金：138万美元
阿方索-麦金尼,Alfonzo McKinnie,勇士,warriors,28,F,2.03米/6尺8,98公斤/215磅,98公斤/215磅,1992-09-17,本年薪金：135万美元
达米安-琼斯,Damian Jones,勇士,warriors,15,C,2.13米/7尺0,111公斤/245磅,111公斤/245磅,1995-06-30,本年薪金：128万美元
马库斯-德里克森,Marcus Derrickson,勇士,warriors,32,F,2.01米/6尺7,113公斤/249磅,113公斤/249磅,1996-02-01,本年薪金：7万美元
达米恩-李,Damion Lee,勇士,warriors,1,G,1.98米/6尺6,95公斤/210磅,95公斤/210磅,1992-10-21,本年薪金：7万美元
哈桑-怀特塞德,Hassan Whiteside,热火,heat,21,C,2.13米/7尺0,120公斤/265磅,120公斤/265磅,1989-06-13,本年薪金：2543万美元
泰勒-约翰逊,Tyler Johnson,热火,heat,8,G,1.93米/6尺4,84公斤/186磅,84公斤/186磅,1992-05-07,本年薪金：1886万美元
戈兰-德拉季奇,Goran Dragic,热火,heat,7,G,1.91米/6尺3,86公斤/190磅,86公斤/190磅,1986-05-06,本年薪金：1811万美元
詹姆斯-约翰逊,James Johnson,热火,heat,16,F,2.06米/6尺9,113公斤/250磅,113公斤/250磅,1987-02-20,本年薪金：1443万美元
迪昂-韦特斯,Dion Waiters,热火,heat,11,G,1.93米/6尺4,100公斤/220磅,100公斤/220磅,1991-12-10,本年薪金：1155万美元
凯利-奥利尼克,Kelly Olynyk,热火,heat,9,F,2.13米/7尺0,108公斤/238磅,108公斤/238磅,1991-04-19,本年薪金：1114万美元
约什-理查德森,Josh Richardson,热火,heat,0,F,1.98米/6尺6,91公斤/200磅,91公斤/200磅,1993-09-15,本年薪金：937万美元
韦恩-艾灵顿,Wayne Ellington,热火,heat,2,G,1.93米/6尺4,91公斤/200磅,91公斤/200磅,1987-11-29,本年薪金：627万美元
贾斯蒂斯-温斯洛,Justise Winslow,热火,heat,20,F,2.01米/6尺7,102公斤/225磅,102公斤/225磅,1996-03-26,本年薪金：345万美元
巴姆-阿德巴约,Bam Adebayo,热火,heat,13,C-F,2.08米/6尺10,116公斤/255磅,116公斤/255磅,1997-07-18,本年薪金：296万美元
德维恩-韦德,Dwyane Wade,热火,heat,3,G,1.93米/6尺4,100公斤/220磅,100公斤/220磅,1982-01-17,本年薪金：240万美元
犹多尼斯-哈斯勒姆,Udonis Haslem,热火,heat,40,F,2.03米/6尺8,107公斤/235磅,107公斤/235磅,1980-06-09,本年薪金：240万美元
小德里克-琼斯,Derrick Jones Jr.,热火,heat,5,F-G,2.01米/6尺7,86公斤/190磅,86公斤/190磅,1997-02-15,本年薪金：151万美元
罗德尼-麦格鲁德,Rodney McGruder,热火,heat,17,G-F,1.93米/6尺4,93公斤/205磅,93公斤/205磅,1991-07-29,本年薪金：105万美元
亚特-马滕,Yante Maten,热火,heat,00,F,2.03米/6尺8,109公斤/240磅,109公斤/240磅,1996-08-14,本年薪金：7万美元
邓肯-鲁宾逊,Duncan Robinson,热火,heat,55,F,2.03米/6尺8,98公斤/215磅,98公斤/215磅,1994-04-22,本年薪金：7万美元
凯文-乐福,Kevin Love,骑士,cavaliers,0,F-C,2.08米/6尺10,114公斤/251磅,114公斤/251磅,1988-09-07,本年薪金：2412万美元
特里斯坦-汤普森,Tristan Thompson,骑士,cavaliers,13,C-F,2.06米/6尺9,108公斤/238磅,108公斤/238磅,1991-03-13,本年薪金：1747万美元
JR-史密斯,JR Smith,骑士,cavaliers,5,G-F,1.98米/6尺6,102公斤/225磅,102公斤/225磅,1985-09-09,本年薪金：1472万美元
乔丹-克拉克森,Jordan Clarkson,骑士,cavaliers,8,G,1.96米/6尺5,88公斤/194磅,88公斤/194磅,1992-06-07,本年薪金：1250万美元
亚历克-伯克斯,Alec Burks,骑士,cavaliers,10,G,1.98米/6尺6,97公斤/214磅,97公斤/214磅,1991-07-20,本年薪金：1154万美元
约翰-亨森,John Henson,骑士,cavaliers,31,C-F,2.11米/6尺11,104公斤/229磅,104公斤/229磅,1990-12-28,本年薪金：1058万美元
马修-戴拉维多瓦,Matthew Dellavedova,骑士,cavaliers,18,G,1.93米/6尺4,90公斤/198磅,90公斤/198磅,1990-09-08,本年薪金：960万美元
科林-塞克斯顿,Collin Sexton,骑士,cavaliers,2,G,1.91米/6尺3,86公斤/190磅,86公斤/190磅,1999-01-04,本年薪金：407万美元
罗德尼-胡德,Rodney Hood,骑士,cavaliers,1,G,2.03米/6尺8,93公斤/206磅,93公斤/206磅,1992-10-20,本年薪金：347万美元
切迪-奥斯曼,Cedi Osman,骑士,cavaliers,16,F,2.03米/6尺8,98公斤/215磅,98公斤/215磅,1995-04-08,本年薪金：278万美元
钱宁-弗莱,Channing Frye,骑士,cavaliers,9,F-C,2.11米/6尺11,116公斤/255磅,116公斤/255磅,1983-05-17,本年薪金：239万美元
小拉里-南斯,Larry Nance Jr.,骑士,cavaliers,22,F,2.06米/6尺9,104公斤/230磅,104公斤/230磅,1993-01-01,本年薪金：227万美元
安特-日日奇,Ante Zizic,骑士,cavaliers,41,C,2.11米/6尺11,113公斤/250磅,113公斤/250磅,1997-01-04,本年薪金：195万美元
大卫-努瓦巴,David Nwaba,骑士,cavaliers,12,G,1.93米/6尺4,95公斤/209磅,95公斤/209磅,1993-01-14,本年薪金：151万美元
卡梅伦-佩恩,Cameron Payne,骑士,cavaliers,3,G,1.91米/6尺3,84公斤/185磅,84公斤/185磅,1994-08-08,本年薪金：9万美元
邓-阿德尔,Deng Adel,骑士,cavaliers,32,F,2.01米/6尺7,91公斤/200磅,91公斤/200磅,1997-02-01,本年薪金：7万美元
杰朗-布洛瑟姆盖姆,Jaron Blossomgame,骑士,cavaliers,4,F,2.01米/6尺7,100公斤/220磅,100公斤/220磅,1993-09-16,本年薪金：7万美元
维克托-奥拉迪波,Victor Oladipo,步行者,pacers,4,G,1.93米/6尺4,95公斤/210磅,95公斤/210磅,1992-05-04,本年薪金：2100万美元
赛迪斯-杨,Thaddeus Young,步行者,pacers,21,F,2.03米/6尺8,100公斤/221磅,100公斤/221磅,1988-06-21,本年薪金：1376万美元
泰瑞克-埃文斯,Tyreke Evans,步行者,pacers,12,G,1.98米/6尺6,100公斤/220磅,100公斤/220磅,1989-09-19,本年薪金：1230万美元
博扬-波格丹诺维奇,Bojan Bogdanovic,步行者,pacers,44,F,2.03米/6尺8,102公斤/225磅,102公斤/225磅,1989-04-18,本年薪金：1050万美元
达伦-科里森,Darren Collison,步行者,pacers,2,G,1.83米/6尺0,79公斤/175磅,79公斤/175磅,1987-08-23,本年薪金：1000万美元
科里-约瑟夫,Cory Joseph,步行者,pacers,6,G,1.91米/6尺3,86公斤/190磅,86公斤/190磅,1991-08-20,本年薪金：795万美元
道格-麦克德莫特,Doug McDermott,步行者,pacers,20,F,2.03米/6尺8,99公斤/219磅,99公斤/219磅,1992-01-03,本年薪金：733万美元
凯尔-奥奎因,Kyle O'Quinn,步行者,pacers,10,C,2.08米/6尺10,113公斤/250磅,113公斤/250磅,1990-03-26,本年薪金：445万美元
迈尔斯-特纳,Myles Turner,步行者,pacers,33,C-F,2.11米/6尺11,110公斤/243磅,110公斤/243磅,1996-03-24,本年薪金：341万美元
多曼塔斯-萨博尼斯,Domantas Sabonis,步行者,pacers,11,F,2.11米/6尺11,109公斤/240磅,109公斤/240磅,1996-05-03,本年薪金：266万美元
TJ-利夫,TJ Leaf,步行者,pacers,22,F,2.08米/6尺10,102公斤/225磅,102公斤/225磅,1997-04-30,本年薪金：241万美元
阿龙-霍勒迪,Aaron Holiday,步行者,pacers,3,G,1.85米/6尺1,84公斤/185磅,84公斤/185磅,1996-09-30,本年薪金：191万美元
伊凯-阿尼博古,Ike Anigbogu,步行者,pacers,13,C,2.08米/6尺10,113公斤/250磅,113公斤/250磅,1998-10-16,本年薪金：138万美元
阿利兹-约翰逊 ,Alize Johnson,步行者,pacers,24,F,2.06米/6尺9,91公斤/201磅,91公斤/201磅,1996-04-22,本年薪金：84万美元
达文-里德,Davon Reed,步行者,pacers,32,G,1.98米/6尺6,100公斤/220磅,100公斤/220磅,1995-06-11,本年薪金：7万美元
埃德蒙-萨姆纳,Edmond Sumner,步行者,pacers,5,G,1.96米/6尺5,84公斤/185磅,84公斤/185磅,1995-12-31,本年薪金：7万美元
,Stephan Hicks,步行者,pacers,,G-F,1.98米/6尺6,91公斤/200磅,91公斤/200磅,1992-04-02,本年薪金：万美元
达米安-利拉德,Damian Lillard,开拓者,blazers,0,G,1.91米/6尺3,88公斤/195磅,88公斤/195磅,1990-07-15,本年薪金：2798万美元
CJ-麦科勒姆,CJ McCollum,开拓者,blazers,3,G,1.91米/6尺3,86公斤/190磅,86公斤/190磅,1991-09-19,本年薪金：2576万美元
埃文-特纳,Evan Turner,开拓者,blazers,1,G-F,2.01米/6尺7,100公斤/220磅,100公斤/220磅,1988-10-27,本年薪金：1787万美元
优素福-努尔基奇,Jusuf Nurkic,开拓者,blazers,27,C,2.13米/7尺0,127公斤/280磅,127公斤/280磅,1994-08-23,本年薪金：1111万美元
迈耶斯-伦纳德,Meyers Leonard,开拓者,blazers,11,F-C,2.16米/7尺1,116公斤/255磅,116公斤/255磅,1992-02-27,本年薪金：1060万美元
莫里斯-哈克利斯,Maurice Harkless,开拓者,blazers,4,F,2.06米/6尺9,100公斤/220磅,100公斤/220磅,1993-05-11,本年薪金：1034万美元
艾尔-法鲁克-阿米奴,Al-Farouq Aminu,开拓者,blazers,8,F,2.06米/6尺9,100公斤/220磅,100公斤/220磅,1990-09-21,本年薪金：696万美元
扎克-科林斯,Zach Collins,开拓者,blazers,33,F-C,2.13米/7尺0,104公斤/230磅,104公斤/230磅,1997-11-19,本年薪金：363万美元
塞思-库里,Seth Curry,开拓者,blazers,31,G,1.88米/6尺2,84公斤/185磅,84公斤/185磅,1990-08-23,本年薪金：279万美元
安芬尼-西蒙斯,Anfernee Simons,开拓者,blazers,24,G,1.91米/6尺3,83公斤/183磅,83公斤/183磅,1999-06-08,本年薪金：183万美元
凯莱布-斯瓦尼根,Caleb Swanigan,开拓者,blazers,50,F,2.03米/6尺8,113公斤/250磅,113公斤/250磅,1997-04-18,本年薪金：174万美元
尼克-斯陶斯卡斯,Nik Stauskas,开拓者,blazers,6,G,1.98米/6尺6,93公斤/205磅,93公斤/205磅,1993-10-07,本年薪金：162万美元
韦德-鲍德温,Wade Baldwin IV,开拓者,blazers,2,G,1.93米/6尺4,92公斤/202磅,92公斤/202磅,1996-03-29,本年薪金：154万美元
杰克-莱曼,Jake Layman,开拓者,blazers,10,F,2.06米/6尺9,95公斤/210磅,95公斤/210磅,1994-03-07,本年薪金：105万美元
小加里-特伦特,Gary Trent Jr.,开拓者,blazers,9,G,1.98米/6尺6,95公斤/209磅,95公斤/209磅,1999-01-18,本年薪金：84万美元
贾巴里-帕克,Jabari Parker,公牛,bulls,2,F,2.03米/6尺8,113公斤/250磅,113公斤/250磅,1995-03-15,本年薪金：2000万美元
扎克-拉文,Zach LaVine,公牛,bulls,8,G,1.96米/6尺5,84公斤/185磅,84公斤/185磅,1995-03-10,本年薪金：1950万美元
罗宾-洛佩斯,Robin Lopez,公牛,bulls,42,C,2.13米/7尺0,116公斤/255磅,116公斤/255磅,1988-04-01,本年薪金：1436万美元
克里斯蒂亚诺-费利西奥,Cristiano Felicio,公牛,bulls,6,F-C,2.06米/6尺9,121公斤/266磅,121公斤/266磅,1992-07-07,本年薪金：847万美元
劳里-马尔卡宁,Lauri Markkanen,公牛,bulls,24,F,2.13米/7尺0,104公斤/230磅,104公斤/230磅,1997-05-22,本年薪金：454万美元
温德尔-卡特,Wendell Carter Jr.,公牛,bulls,34,F,2.08米/6尺10,117公斤/259磅,117公斤/259磅,1999-04-16,本年薪金：444万美元
克里斯-邓恩,Kris Dunn,公牛,bulls,32,G,1.93米/6尺4,93公斤/205磅,93公斤/205磅,1994-03-18,本年薪金：422万美元
博比-波蒂斯,Bobby Portis,公牛,bulls,5,F,2.11米/6尺11,112公斤/246磅,112公斤/246磅,1995-02-10,本年薪金：249万美元
卡梅罗-安东尼,Carmelo Anthony,公牛,bulls,,F,2.03米/6尺8,109公斤/240磅,109公斤/240磅,1984-05-29,本年薪金：240万美元
登泽尔-瓦伦丁,Denzel Valentine,公牛,bulls,45,G,1.98米/6尺6,96公斤/212磅,96公斤/212磅,1993-11-16,本年薪金：228万美元
钱德勒-哈奇森,Chandler Hutchison,公牛,bulls,15,F,2.01米/6尺7,89公斤/196磅,89公斤/196磅,1996-04-26,本年薪金：199万美元
韦恩-塞尔登,Wayne Selden,公牛,bulls,14,G-F,1.96米/6尺5,104公斤/230磅,104公斤/230磅,1994-09-30,本年薪金：154万美元
安东尼奥-布莱克尼,Antonio Blakeney,公牛,bulls,9,G,1.93米/6尺4,89公斤/197磅,89公斤/197磅,1996-10-04,本年薪金：135万美元
瑞安-阿西迪亚科诺,Ryan Arcidiacono,公牛,bulls,51,G,1.91米/6尺3,88公斤/195磅,88公斤/195磅,1994-03-26,本年薪金：135万美元
沙奎尔-哈里森,Shaquille Harrison,公牛,bulls,3,G,1.91米/6尺3,86公斤/189磅,86公斤/189磅,1993-10-06,本年薪金：131万美元
布兰登-桑普森,Brandon Sampson,公牛,bulls,44,G,1.96米/6尺5,83公斤/184磅,83公斤/184磅,1997-05-01,本年薪金：7万美元
罗尔-阿尔金斯,Rawle Alkins,公牛,bulls,20,G,1.96米/6尺5,100公斤/220磅,100公斤/220磅,1997-10-29,本年薪金：7万美元
扬尼斯-阿德托昆博,Giannis Antetokounmpo,雄鹿,bucks,34,F,2.11米/6尺11,101公斤/222磅,101公斤/222磅,1994-12-06,本年薪金：2416万美元
乔治-希尔,George Hill,雄鹿,bucks,3,G,1.91米/6尺3,85公斤/188磅,85公斤/188磅,1986-05-04,本年薪金：1900万美元
埃里克-布莱索,Eric Bledsoe,雄鹿,bucks,6,G,1.85米/6尺1,93公斤/205磅,93公斤/205磅,1989-12-09,本年薪金：1500万美元
克里斯-米德尔顿,Khris Middleton,雄鹿,bucks,22,F-G,2.03米/6尺8,106公斤/234磅,106公斤/234磅,1991-08-12,本年薪金：1300万美元
托尼-斯内尔,Tony Snell,雄鹿,bucks,21,G,2.01米/6尺7,98公斤/217磅,98公斤/217磅,1991-11-10,本年薪金：1061万美元
艾森-伊利亚索瓦,Ersan Ilyasova,雄鹿,bucks,77,F,2.08米/6尺10,107公斤/235磅,107公斤/235磅,1987-05-15,本年薪金：700万美元
杰森-史密斯,Jason Smith,雄鹿,bucks,20,F-C,2.13米/7尺0,109公斤/240磅,109公斤/240磅,1986-03-02,本年薪金：545万美元
布鲁克-洛佩斯,Brook Lopez,雄鹿,bucks,11,C,2.13米/7尺0,122公斤/268磅,122公斤/268磅,1988-04-01,本年薪金：338万美元
索恩-梅克,Thon Maker,雄鹿,bucks,7,C-F,2.16米/7尺1,101公斤/223磅,101公斤/223磅,1997-02-25,本年薪金：280万美元
DJ-威尔森,D.J. Wilson,雄鹿,bucks,5,F,2.08米/6尺10,109公斤/240磅,109公斤/240磅,1996-02-19,本年薪金：253万美元
唐特-迪温琴佐,Donte DiVincenzo,雄鹿,bucks,9,G,1.96米/6尺5,93公斤/205磅,93公斤/205磅,1997-01-31,本年薪金：248万美元
帕特-康诺顿,Pat Connaughton,雄鹿,bucks,24,G-F,1.96米/6尺5,95公斤/210磅,95公斤/210磅,1993-01-06,本年薪金：164万美元
马尔科姆-布罗格登,Malcolm Brogdon,雄鹿,bucks,13,G,1.96米/6尺5,98公斤/215磅,98公斤/215磅,1992-12-11,本年薪金：154万美元
克里斯蒂安-伍德,Christian Wood,雄鹿,bucks,35,F,2.11米/6尺11,100公斤/220磅,100公斤/220磅,1995-09-27,本年薪金：151万美元
斯特林-布朗,Sterling Brown,雄鹿,bucks,23,G,1.98米/6尺6,104公斤/230磅,104公斤/230磅,1995-02-10,本年薪金：138万美元
邦齐-科尔森,Bonzie Colson,雄鹿,bucks,50,F,1.98米/6尺6,102公斤/224磅,102公斤/224磅,1996-01-12,本年薪金：7万美元
特雷旺-杜瓦尔,Trevon Duval,雄鹿,bucks,0,G,1.91米/6尺3,84公斤/186磅,84公斤/186磅,1998-08-03,本年薪金：7万美元
哈里森-巴恩斯,Harrison Barnes,独行侠,mavericks,40,F,2.03米/6尺8,102公斤/225磅,102公斤/225磅,1992-05-30,本年薪金：2411万美元
德安德烈-乔丹,DeAndre Jordan,独行侠,mavericks,6,C,2.11米/6尺11,120公斤/265磅,120公斤/265磅,1988-07-21,本年薪金：2290万美元
韦斯利-马修斯,Wesley Matthews,独行侠,mavericks,23,G-F,1.96米/6尺5,100公斤/220磅,100公斤/220磅,1986-10-14,本年薪金：1862万美元
德怀特-鲍威尔,Dwight Powell,独行侠,mavericks,7,F-C,2.11米/6尺11,109公斤/240磅,109公斤/240磅,1991-07-20,本年薪金：956万美元
卢卡-东契奇,Luka Doncic,独行侠,mavericks,77,G-F,2.03米/6尺8,103公斤/228磅,103公斤/228磅,1999-02-28,本年薪金：656万美元
德克-诺维茨基,Dirk Nowitzki,独行侠,mavericks,41,F,2.13米/7尺0,111公斤/245磅,111公斤/245磅,1978-06-19,本年薪金：500万美元
丹尼斯-史密斯,Dennis Smith Jr.,独行侠,mavericks,1,G,1.91米/6尺3,88公斤/195磅,88公斤/195磅,1997-11-25,本年薪金：382万美元
何塞-巴里亚,J.J. Barea,独行侠,mavericks,5,G,1.83米/6尺0,84公斤/185磅,84公斤/185磅,1984-06-26,本年薪金：371万美元
德文-哈里斯,Devin Harris,独行侠,mavericks,34,G,1.91米/6尺3,84公斤/185磅,84公斤/185磅,1983-02-27,本年薪金：239万美元
萨拉赫-梅杰里,Salah Mejri,独行侠,mavericks,50,C,2.18米/7尺2,111公斤/245磅,111公斤/245磅,1986-06-15,本年薪金：157万美元
马克西-克勒贝尔,Maxi Kleber,独行侠,mavericks,42,F,2.11米/6尺11,100公斤/220磅,100公斤/220磅,1992-01-29,本年薪金：138万美元
杰伦-布伦森,Jalen Brunson,独行侠,mavericks,13,G,1.91米/6尺3,86公斤/190磅,86公斤/190磅,1996-08-31,本年薪金：123万美元
多里安-芬尼-史密斯,Dorian Finney-Smith,独行侠,mavericks,10,F,2.03米/6尺8,100公斤/220磅,100公斤/220磅,1993-05-04,本年薪金：105万美元
瑞安-布罗科夫,Ryan Broekhoff,独行侠,mavericks,45,G-F,2.01米/6尺7,98公斤/215磅,98公斤/215磅,1990-08-23,本年薪金：84万美元
雷-斯波尔丁,Ray Spalding,独行侠,mavericks,26,F,2.08米/6尺10,98公斤/215磅,98公斤/215磅,1997-03-11,本年薪金：84万美元
达里尔-梅肯,Daryl Macon,独行侠,mavericks,3,G,1.91米/6尺3,84公斤/185磅,84公斤/185磅,1995-11-29,本年薪金：7万美元
科斯塔斯-阿德托昆博,Kostas Antetokounmpo,独行侠,mavericks,37,F,2.08米/6尺10,88公斤/195磅,88公斤/195磅,1997-11-20,本年薪金：7万美元
德马尔-德罗赞,DeMar DeRozan,马刺,spurs,10,G,2.01米/6尺7,100公斤/220磅,100公斤/220磅,1989-08-07,本年薪金：2794万美元
拉马库斯-阿尔德里奇,LaMarcus Aldridge,马刺,spurs,12,F,2.11米/6尺11,118公斤/260磅,118公斤/260磅,1985-07-19,本年薪金：2235万美元
保罗-加索尔,Pau Gasol,马刺,spurs,16,C-F,2.13米/7尺0,113公斤/250磅,113公斤/250磅,1980-07-06,本年薪金：1600万美元
帕蒂-米尔斯,Patty Mills,马刺,spurs,8,G,1.83米/6尺0,84公斤/185磅,84公斤/185磅,1988-08-11,本年薪金：1205万美元
鲁迪-盖伊,Rudy Gay,马刺,spurs,22,F,2.03米/6尺8,104公斤/230磅,104公斤/230磅,1986-08-17,本年薪金：1008万美元
戴维斯-贝尔坦斯,Davis Bertans,马刺,spurs,42,F,2.08米/6尺10,95公斤/210磅,95公斤/210磅,1992-11-12,本年薪金：700万美元
马科-贝里内利,Marco Belinelli,马刺,spurs,18,G-F,1.96米/6尺5,95公斤/210磅,95公斤/210磅,1986-03-25,本年薪金：615万美元
布林-福布斯,Bryn Forbes,马刺,spurs,11,G,1.91米/6尺3,86公斤/190磅,86公斤/190磅,1993-07-23,本年薪金：313万美元
雅各布-珀尔特尔,Jakob Poeltl,马刺,spurs,25,C,2.13米/7尺0,104公斤/230磅,104公斤/230磅,1995-10-15,本年薪金：295万美元
丹特-坎宁安,Dante Cunningham,马刺,spurs,33,F,2.03米/6尺8,104公斤/230磅,104公斤/230磅,1987-04-22,本年薪金：248万美元
朗尼-沃克,Lonnie Walker IV,马刺,spurs,1,G,1.96米/6尺5,93公斤/204磅,93公斤/204磅,1998-12-14,本年薪金：236万美元
昆西-庞德塞特,Quincy Pondexter,马刺,spurs,3,F,2.01米/6尺7,102公斤/225磅,102公斤/225磅,1988-03-10,本年薪金：217万美元
德里克-怀特,Derrick White,马刺,spurs,4,G,1.96米/6尺5,91公斤/200磅,91公斤/200磅,1994-07-02,本年薪金：167万美元
德章泰-默里,Dejounte Murray,马刺,spurs,5,G,1.96米/6尺5,77公斤/170磅,77公斤/170磅,1996-09-19,本年薪金：129万美元
奇梅齐耶-梅图,Chimezie Metu,马刺,spurs,7,F,2.08米/6尺10,102公斤/225磅,102公斤/225磅,1997-03-22,本年薪金：84万美元
本-摩尔,Ben Moore,马刺,spurs,26,F,2.03米/6尺8,100公斤/220磅,100公斤/220磅,1995-05-13,本年薪金：7万美元
德鲁-尤班克斯,Drew Eubanks,马刺,spurs,14,F,2.08米/6尺10,113公斤/250磅,113公斤/250磅,1997-02-01,本年薪金：7万美元
鲁迪-戈贝尔,Rudy Gobert,爵士,jazz,27,C,2.16米/7尺1,111公斤/245磅,111公斤/245磅,1992-06-26,本年薪金：2274万美元
德里克-费沃斯,Derrick Favors,爵士,jazz,15,F-C,2.08米/6尺10,120公斤/265磅,120公斤/265磅,1991-07-15,本年薪金：1600万美元
里基-卢比奥,Ricky Rubio,爵士,jazz,3,G,1.93米/6尺4,86公斤/190磅,86公斤/190磅,1990-10-21,本年薪金：1480万美元
乔-英格尔斯,Joe Ingles,爵士,jazz,2,F,2.03米/6尺8,102公斤/226磅,102公斤/226磅,1987-10-02,本年薪金：1305万美元
丹特-埃克萨姆,Dante Exum,爵士,jazz,11,G,1.98米/6尺6,86公斤/190磅,86公斤/190磅,1995-07-13,本年薪金：910万美元
凯尔-科沃尔,Kyle Korver,爵士,jazz,26,G-F,2.01米/6尺7,96公斤/212磅,96公斤/212磅,1981-03-17,本年薪金：756万美元
杰-克劳德,Jae Crowder,爵士,jazz,99,F,1.98米/6尺6,107公斤/235磅,107公斤/235磅,1990-07-06,本年薪金：746万美元
萨博-塞福洛沙,Thabo Sefolosha,爵士,jazz,22,F,2.01米/6尺7,100公斤/220磅,100公斤/220磅,1984-05-02,本年薪金：525万美元
艾派-尤度,Ekpe Udoh,爵士,jazz,33,F-C,2.08米/6尺10,111公斤/245磅,111公斤/245磅,1987-05-20,本年薪金：336万美元
多诺万-米切尔,Donovan Mitchell,爵士,jazz,45,G,1.91米/6尺3,98公斤/215磅,98公斤/215磅,1996-09-07,本年薪金：311万美元
劳尔-内托,Raul Neto,爵士,jazz,25,G,1.85米/6尺1,81公斤/179磅,81公斤/179磅,1992-05-19,本年薪金：210万美元
格雷森-阿伦,Grayson Allen,爵士,jazz,24,G,1.96米/6尺5,93公斤/205磅,93公斤/205磅,1995-10-08,本年薪金：207万美元
托尼-布拉德利,Tony Bradley,爵士,jazz,13,C,2.08米/6尺10,109公斤/240磅,109公斤/240磅,1998-01-08,本年薪金：168万美元
乔治-尼昂,Georges Niang,爵士,jazz,31,F,2.03米/6尺8,104公斤/230磅,104公斤/230磅,1993-06-17,本年薪金：151万美元
罗伊斯-奥尼尔,Royce O'Neale,爵士,jazz,23,F,1.98米/6尺6,102公斤/226磅,102公斤/226磅,1993-06-05,本年薪金：138万美元
纳兹-米特鲁-朗,Naz Mitrou-Long,爵士,jazz,30,G,1.93米/6尺4,99公斤/218磅,99公斤/218磅,1993-08-03,本年薪金：7万美元
泰勒-卡瓦诺,Tyler Cavanaugh,爵士,jazz,34,F,2.06米/6尺9,108公斤/238磅,108公斤/238磅,1994-02-09,本年薪金：7万美元
尼古拉斯-巴图姆,Nicolas Batum,黄蜂,hornets,5,G-F,2.03米/6尺8,91公斤/200磅,91公斤/200磅,1988-12-14,本年薪金：2400万美元
俾斯麦-比永博,Bismack Biyombo,黄蜂,hornets,8,C,2.06米/6尺9,116公斤/255磅,116公斤/255磅,1992-08-28,本年薪金：1700万美元
马文-威廉姆斯,Marvin Williams,黄蜂,hornets,2,F,2.06米/6尺9,107公斤/237磅,107公斤/237磅,1986-06-19,本年薪金：1409万美元
科迪-泽勒,Cody Zeller,黄蜂,hornets,40,C,2.13米/7尺0,109公斤/240磅,109公斤/240磅,1992-10-05,本年薪金：1353万美元
迈克尔-基德-吉尔克里斯特,Michael Kidd-Gilchrist,黄蜂,hornets,14,F,2.01米/6尺7,105公斤/232磅,105公斤/232磅,1993-09-26,本年薪金：1300万美元
肯巴-沃克,Kemba Walker,黄蜂,hornets,15,G,1.85米/6尺1,83公斤/184磅,83公斤/184磅,1990-05-08,本年薪金：1200万美元
杰里米-兰姆,Jeremy Lamb,黄蜂,hornets,3,G,1.96米/6尺5,84公斤/185磅,84公斤/185磅,1992-05-30,本年薪金：749万美元
托尼-帕克,Tony Parker,黄蜂,hornets,9,G,1.88米/6尺2,84公斤/185磅,84公斤/185磅,1982-05-17,本年薪金：500万美元
弗兰克-卡明斯基,Frank Kaminsky,黄蜂,hornets,44,F-C,2.13米/7尺0,109公斤/240磅,109公斤/240磅,1993-04-04,本年薪金：363万美元
马利克-蒙克,Malik Monk,黄蜂,hornets,1,G,1.91米/6尺3,91公斤/200磅,91公斤/200磅,1998-02-04,本年薪金：345万美元
迈尔斯-布里奇斯,Miles Bridges,黄蜂,hornets,0,F,2.01米/6尺7,102公斤/225磅,102公斤/225磅,1998-03-21,本年薪金：320万美元
吉列尔莫-埃尔南戈麦斯,Willy Hernangomez,黄蜂,hornets,41,C,2.11米/6尺11,109公斤/240磅,109公斤/240磅,1994-05-27,本年薪金：150万美元
德维恩-培根,Dwayne Bacon,黄蜂,hornets,7,G-F,2.01米/6尺7,100公斤/220磅,100公斤/220磅,1995-08-30,本年薪金：138万美元
德文特-格雷厄姆,Devonte' Graham,黄蜂,hornets,4,G,1.88米/6尺2,84公斤/185磅,84公斤/185磅,1995-02-22,本年薪金：99万美元
乔-奇利,Joe Chealey,黄蜂,hornets,31,G,1.93米/6尺4,86公斤/190磅,86公斤/190磅,1995-11-01,本年薪金：7万美元
JP-马楚拉,J.P. Macura,黄蜂,hornets,55,G,1.96米/6尺5,92公斤/203磅,92公斤/203磅,1995-06-05,本年薪金：7万美元
勒布朗-詹姆斯,LeBron James,湖人,lakers,23,F-G,2.03米/6尺8,113公斤/250磅,113公斤/250磅,1984-12-30,本年薪金：3565万美元
肯塔维厄斯-考德威尔-波普,Kentavious Caldwell-Pope,湖人,lakers,1,G,1.96米/6尺5,93公斤/205磅,93公斤/205磅,1993-02-18,本年薪金：1200万美元
拉简-隆多,Rajon Rondo,湖人,lakers,9,G,1.85米/6尺1,84公斤/186磅,84公斤/186磅,1986-02-22,本年薪金：900万美元
朗佐-鲍尔,Lonzo Ball,湖人,lakers,2,G,1.98米/6尺6,86公斤/190磅,86公斤/190磅,1997-10-27,本年薪金：746万美元
布兰登-英格拉姆,Brandon Ingram,湖人,lakers,14,F,2.06米/6尺9,86公斤/190磅,86公斤/190磅,1997-09-02,本年薪金：576万美元
兰斯-史蒂芬森,Lance Stephenson,湖人,lakers,6,G,1.96米/6尺5,104公斤/230磅,104公斤/230磅,1990-09-05,本年薪金：445万美元
迈克尔-比斯利,Michael Beasley,湖人,lakers,11,F,2.08米/6尺10,107公斤/235磅,107公斤/235磅,1989-01-09,本年薪金：350万美元
贾维尔-麦基,JaVale McGee,湖人,lakers,7,C,2.13米/7尺0,122公斤/270磅,122公斤/270磅,1988-01-19,本年薪金：239万美元
泰森-钱德勒,Tyson Chandler,湖人,lakers,5,C,2.16米/7尺1,109公斤/240磅,109公斤/240磅,1982-10-02,本年薪金：211万美元
莫里茨-瓦格纳,Moritz Wagner,湖人,lakers,15,C-F,2.11米/6尺11,109公斤/240磅,109公斤/240磅,1997-04-26,本年薪金：176万美元
凯尔-库兹马,Kyle Kuzma,湖人,lakers,0,F,2.06米/6尺9,100公斤/220磅,100公斤/220磅,1995-07-24,本年薪金：169万美元
约什-哈特,Josh Hart,湖人,lakers,3,G,1.96米/6尺5,98公斤/215磅,98公斤/215磅,1995-03-06,本年薪金：166万美元
斯维亚托斯拉夫-米哈伊柳克,Svi Mykhailiuk,湖人,lakers,10,F,2.03米/6尺8,87公斤/192磅,87公斤/192磅,1997-06-10,本年薪金：149万美元
伊维察-祖巴茨,Ivica Zubac,湖人,lakers,40,C,2.16米/7尺1,109公斤/240磅,109公斤/240磅,1997-03-18,本年薪金：113万美元
伊萨克-邦加,Isaac Bonga,湖人,lakers,17,G,2.03米/6尺8,81公斤/179磅,81公斤/179磅,1999-11-08,本年薪金：100万美元
乔纳森-威廉姆斯,Johnathan Williams,湖人,lakers,19,F,2.06米/6尺9,103公斤/228磅,103公斤/228磅,1995-05-22,本年薪金：84万美元
亚历克斯-卡鲁索,Alex Caruso,湖人,lakers,4,G,1.96米/6尺5,84公斤/186磅,84公斤/186磅,1994-02-28,本年薪金：7万美元
拉塞尔-威斯布鲁克,Russell Westbrook,雷霆,thunder,0,G,1.91米/6尺3,91公斤/200磅,91公斤/200磅,1988-11-12,本年薪金：3535万美元
保罗-乔治,Paul George,雷霆,thunder,13,F,2.06米/6尺9,100公斤/220磅,100公斤/220磅,1990-05-02,本年薪金：3056万美元
史蒂文-亚当斯,Steven Adams,雷霆,thunder,12,C,2.13米/7尺0,116公斤/255磅,116公斤/255磅,1993-07-20,本年薪金：2416万美元
丹尼斯-施罗德,Dennis Schroder,雷霆,thunder,17,G,1.85米/6尺1,78公斤/172磅,78公斤/172磅,1993-09-15,本年薪金：1550万美元
安德烈-罗伯森,Andre Roberson,雷霆,thunder,21,G-F,2.01米/6尺7,95公斤/210磅,95公斤/210磅,1991-12-04,本年薪金：1000万美元
杰拉米-格兰特,Jerami Grant,雷霆,thunder,9,F,2.06米/6尺9,95公斤/210磅,95公斤/210磅,1994-03-12,本年薪金：865万美元
亚历克斯-阿夫里内斯,Alex Abrines,雷霆,thunder,8,G-F,1.98米/6尺6,86公斤/190磅,86公斤/190磅,1993-08-01,本年薪金：546万美元
帕特里克-帕特森,Patrick Patterson,雷霆,thunder,54,F,2.06米/6尺9,107公斤/235磅,107公斤/235磅,1989-03-14,本年薪金：545万美元
雷蒙德-费尔顿,Raymond Felton,雷霆,thunder,2,G,1.85米/6尺1,93公斤/205磅,93公斤/205磅,1984-06-26,本年薪金：239万美元
特伦斯-弗格森,Terrance Ferguson,雷霆,thunder,23,G,2.01米/6尺7,84公斤/185磅,84公斤/185磅,1998-05-17,本年薪金：212万美元
纳伦斯-诺埃尔,Nerlens Noel,雷霆,thunder,3,F-C,2.11米/6尺11,103公斤/228磅,103公斤/228磅,1994-04-10,本年薪金：175万美元
蒂莫泰-卢瓦乌-卡巴罗,Timothe Luwawu-Cabarrot,雷霆,thunder,7,G-F,1.98米/6尺6,93公斤/205磅,93公斤/205磅,1995-05-09,本年薪金：145万美元
阿卜杜勒-纳迪尔,Abdel Nader,雷霆,thunder,11,F,1.98米/6尺6,104公斤/230磅,104公斤/230磅,1993-09-25,本年薪金：138万美元
哈米杜-迪亚洛,Hamidou Diallo,雷霆,thunder,6,G,1.96米/6尺5,90公斤/198磅,90公斤/198磅,1998-07-31,本年薪金：84万美元
德翁特-伯顿,Deonte Burton,雷霆,thunder,30,G,1.96米/6尺5,113公斤/250磅,113公斤/250磅,1994-01-31,本年薪金：7万美元
唐特-格兰瑟姆,Donte Grantham,雷霆,thunder,15,F,2.03米/6尺8,98公斤/215磅,98公斤/215磅,1995-03-19,本年薪金：7万美元
朱-霍勒迪,Jrue Holiday,鹈鹕,pelicans,11,G,1.93米/6尺4,93公斤/205磅,93公斤/205磅,1990-06-12,本年薪金：2613万美元
安东尼-戴维斯,Anthony Davis,鹈鹕,pelicans,23,F-C,2.08米/6尺10,115公斤/253磅,115公斤/253磅,1993-03-11,本年薪金：2543万美元
尼古拉-米罗蒂奇,Nikola Mirotic,鹈鹕,pelicans,3,F,2.08米/6尺10,108公斤/238磅,108公斤/238磅,1991-02-11,本年薪金：1250万美元
所罗门-希尔,Solomon Hill,鹈鹕,pelicans,44,F,2.01米/6尺7,102公斤/225磅,102公斤/225磅,1991-03-18,本年薪金：1225万美元
伊托万-摩尔,E'Twaun Moore,鹈鹕,pelicans,55,G,1.93米/6尺4,87公斤/191磅,87公斤/191磅,1989-02-25,本年薪金：881万美元
朱利叶斯-兰德尔,Julius Randle,鹈鹕,pelicans,30,F,2.06米/6尺9,113公斤/250磅,113公斤/250磅,1994-11-29,本年薪金：864万美元
韦斯利-约翰逊,Wesley Johnson,鹈鹕,pelicans,33,F,2.01米/6尺7,98公斤/215磅,98公斤/215磅,1987-07-11,本年薪金：613万美元
埃尔弗里德-佩顿,Elfrid Payton,鹈鹕,pelicans,4,G,1.93米/6尺4,84公斤/185磅,84公斤/185磅,1994-02-22,本年薪金：270万美元
达柳斯-米勒,Darius Miller,鹈鹕,pelicans,21,F,2.03米/6尺8,102公斤/225磅,102公斤/225磅,1990-03-21,本年薪金：221万美元
伊恩-克拉克,Ian Clark,鹈鹕,pelicans,2,G,1.91米/6尺3,79公斤/175磅,79公斤/175磅,1991-03-07,本年薪金：176万美元
蒂姆-弗雷泽,Tim Frazier,鹈鹕,pelicans,10,G,1.85米/6尺1,77公斤/170磅,77公斤/170磅,1990-11-01,本年薪金：162万美元
贾利尔-奥卡福,Jahlil Okafor,鹈鹕,pelicans,8,C,2.11米/6尺11,125公斤/275磅,125公斤/275磅,1995-12-15,本年薪金：157万美元
谢赫-迪亚洛,Cheick Diallo,鹈鹕,pelicans,13,F,2.06米/6尺9,100公斤/220磅,100公斤/220磅,1996-09-13,本年薪金：152万美元
弗兰克-杰克逊,Frank Jackson,鹈鹕,pelicans,15,G,1.91米/6尺3,93公斤/205磅,93公斤/205磅,1998-05-04,本年薪金：138万美元
肯里奇-威廉姆斯,Kenrich Williams,鹈鹕,pelicans,34,G-F,2.01米/6尺7,95公斤/209磅,95公斤/209磅,1994-12-02,本年薪金：84万美元
特雷旺-布卢伊特,Trevon Bluiett,鹈鹕,pelicans,5,G,1.96米/6尺5,98公斤/215磅,98公斤/215磅,1994-11-04,本年薪金：7万美元
乔尔-恩比德,Joel Embiid,76人,76ers,21,C,2.13米/7尺0,113公斤/250磅,113公斤/250磅,1994-03-16,本年薪金：2525万美元
吉米-巴特勒,Jimmy Butler,76人,76ers,23,F,2.01米/6尺7,105公斤/231磅,105公斤/231磅,1989-09-14,本年薪金：1869万美元
威尔森-钱德勒,Wilson Chandler,76人,76ers,22,F,2.03米/6尺8,102公斤/225磅,102公斤/225磅,1987-05-10,本年薪金：1280万美元
JJ-雷迪克,JJ Redick,76人,76ers,17,G,1.93米/6尺4,86公斤/190磅,86公斤/190磅,1984-06-24,本年薪金：1225万美元
马克尔-富尔茨,Markelle Fultz,76人,76ers,20,G,1.93米/6尺4,86公斤/190磅,86公斤/190磅,1998-05-29,本年薪金：834万美元
本-西蒙斯,Ben Simmons,76人,76ers,25,G-F,2.08米/6尺10,109公斤/240磅,109公斤/240磅,1996-07-20,本年薪金：643万美元
迈克-穆斯卡拉,Mike Muscala,76人,76ers,31,F-C,2.11米/6尺11,109公斤/240磅,109公斤/240磅,1991-07-01,本年薪金：500万美元
贾斯廷-巴顿,Justin Patton,76人,76ers,0,C,2.13米/7尺0,104公斤/230磅,104公斤/230磅,1997-06-14,本年薪金：267万美元
扎伊尔-史密斯,Zhaire Smith,76人,76ers,8,G,1.93米/6尺4,90公斤/199磅,90公斤/199磅,1999-06-04,本年薪金：261万美元
阿米尔-约翰逊,Amir Johnson,76人,76ers,5,C-F,2.06米/6尺9,109公斤/240磅,109公斤/240磅,1987-05-01,本年薪金：239万美元
兰德里-沙梅特,Landry Shamet,76人,76ers,1,G,1.93米/6尺4,82公斤/180磅,82公斤/180磅,1997-03-13,本年薪金：170万美元
乔纳-博尔登,Jonah Bolden,76人,76ers,43,F,2.08米/6尺10,107公斤/235磅,107公斤/235磅,1996-01-02,本年薪金：169万美元
TJ-麦康奈尔,T.J. McConnell,76人,76ers,12,G,1.88米/6尺2,91公斤/200磅,91公斤/200磅,1992-03-25,本年薪金：160万美元
富尔坎-科尔克马兹,Furkan Korkmaz,76人,76ers,30,G-F,2.01米/6尺7,86公斤/190磅,86公斤/190磅,1997-07-24,本年薪金：150万美元
科里-布鲁尔,Corey Brewer,76人,76ers,00,F,2.06米/6尺9,84公斤/186磅,84公斤/186磅,1986-03-05,本年薪金：14万美元
海伍德-海史密斯,Haywood Highsmith,76人,76ers,7,F,2.01米/6尺7,100公斤/220磅,100公斤/220磅,1996-12-09,本年薪金：7万美元
谢克-米尔顿,Shake Milton,76人,76ers,18,G,1.98米/6尺6,93公斤/205磅,93公斤/205磅,1996-09-26,本年薪金：7万美元
戈登-海沃德,Gordon Hayward,凯尔特人,celtics,20,F,2.03米/6尺8,102公斤/226磅,102公斤/226磅,1990-03-23,本年薪金：3121万美元
艾尔-霍弗德,Al Horford,凯尔特人,celtics,42,C-F,2.08米/6尺10,111公斤/245磅,111公斤/245磅,1986-06-03,本年薪金：2893万美元
凯里-欧文,Kyrie Irving,凯尔特人,celtics,11,G,1.91米/6尺3,88公斤/193磅,88公斤/193磅,1992-03-23,本年薪金：2010万美元
马库斯-斯马特,Marcus Smart,凯尔特人,celtics,36,G,1.93米/6尺4,100公斤/220磅,100公斤/220磅,1994-03-06,本年薪金：1160万美元
杰森-塔特姆,Jayson Tatum,凯尔特人,celtics,0,F,2.03米/6尺8,93公斤/205磅,93公斤/205磅,1998-03-03,本年薪金：670万美元
马库斯-莫里斯,Marcus Morris,凯尔特人,celtics,13,F,2.06米/6尺9,107公斤/235磅,107公斤/235磅,1989-09-02,本年薪金：538万美元
阿隆-贝恩斯,Aron Baynes,凯尔特人,celtics,46,C-F,2.08米/6尺10,118公斤/260磅,118公斤/260磅,1986-12-09,本年薪金：519万美元
杰伦-布朗,Jaylen Brown,凯尔特人,celtics,7,F-G,2.01米/6尺7,102公斤/225磅,102公斤/225磅,1996-10-24,本年薪金：517万美元
特里-罗齐尔,Terry Rozier,凯尔特人,celtics,12,G,1.88米/6尺2,86公斤/190磅,86公斤/190磅,1994-03-17,本年薪金：305万美元
盖尔雄-亚布塞莱,Guerschon Yabusele,凯尔特人,celtics,30,F,2.03米/6尺8,118公斤/260磅,118公斤/260磅,1995-12-17,本年薪金：267万美元
罗伯特-威廉姆斯,Robert Williams III,凯尔特人,celtics,44,C-F,2.06米/6尺9,107公斤/237磅,107公斤/237磅,1997-10-17,本年薪金：165万美元
丹尼尔-泰斯,Daniel Theis,凯尔特人,celtics,27,F,2.06米/6尺9,110公斤/243磅,110公斤/243磅,1992-04-04,本年薪金：138万美元
谢米-奥杰莱,Semi Ojeleye,凯尔特人,celtics,37,F,2.01米/6尺7,107公斤/235磅,107公斤/235磅,1994-12-05,本年薪金：138万美元
贾巴里-伯德,Jabari Bird,凯尔特人,celtics,26,G,1.98米/6尺6,90公斤/198磅,90公斤/198磅,1994-07-03,本年薪金：135万美元
布拉德-沃纳梅克,Brad Wanamaker,凯尔特人,celtics,9,G,1.93米/6尺4,95公斤/210磅,95公斤/210磅,1989-07-25,本年薪金：84万美元
PJ-多齐尔,PJ Dozier,凯尔特人,celtics,50,G-F,1.98米/6尺6,93公斤/205磅,93公斤/205磅,1996-10-25,本年薪金：7万美元
RJ-亨特,RJ Hunter,凯尔特人,celtics,28,G,1.98米/6尺6,84公斤/185磅,84公斤/185磅,1993-10-24,本年薪金：7万美元
阿龙-戈登,Aaron Gordon,魔术,magic,00,F,2.06米/6尺9,100公斤/220磅,100公斤/220磅,1995-09-16,本年薪金：2159万美元
埃文-富尼耶,Evan Fournier,魔术,magic,10,G-F,2.01米/6尺7,93公斤/205磅,93公斤/205磅,1992-10-29,本年薪金：1700万美元
季莫费-莫兹戈夫,Timofey Mozgov,魔术,magic,21,C,2.16米/7尺1,125公斤/275磅,125公斤/275磅,1986-07-16,本年薪金：1634万美元
尼古拉-武切维奇,Nikola Vucevic,魔术,magic,9,C,2.13米/7尺0,118公斤/260磅,118公斤/260磅,1990-10-24,本年薪金：1275万美元
特伦斯-罗斯,Terrence Ross,魔术,magic,31,G-F,2.01米/6尺7,88公斤/195磅,88公斤/195磅,1991-02-05,本年薪金：1050万美元
DJ-奥古斯丁,D.J. Augustin,魔术,magic,14,G,1.83米/6尺0,83公斤/183磅,83公斤/183磅,1987-11-10,本年薪金：725万美元
乔纳森-西蒙斯,Jonathon Simmons,魔术,magic,17,G,1.98米/6尺6,88公斤/195磅,88公斤/195磅,1989-09-14,本年薪金：600万美元
乔纳森-艾萨克,Jonathan Isaac,魔术,magic,1,F,2.08米/6尺10,95公斤/210磅,95公斤/210磅,1997-10-03,本年薪金：497万美元
穆罕默德-班巴,Mohamed Bamba,魔术,magic,5,C,2.16米/7尺1,102公斤/225磅,102公斤/225磅,1998-05-12,本年薪金：486万美元
杰里安-格兰特,Jerian Grant,魔术,magic,22,G,1.93米/6尺4,90公斤/198磅,90公斤/198磅,1992-10-09,本年薪金：326万美元
贾雷尔-马丁,Jarell Martin,魔术,magic,2,F,2.08米/6尺10,108公斤/239磅,108公斤/239磅,1994-05-24,本年薪金：242万美元
肯-伯奇,Khem Birch,魔术,magic,24,C-F,2.06米/6尺9,100公斤/220磅,100公斤/220磅,1992-09-28,本年薪金：138万美元
韦斯利-艾旺杜,Wes Iwundu,魔术,magic,25,F,2.01米/6尺7,93公斤/205磅,93公斤/205磅,1994-12-20,本年薪金：138万美元
梅尔文-弗雷泽,Melvin Frazier Jr.,魔术,magic,35,F-G,1.98米/6尺6,91公斤/201磅,91公斤/201磅,1996-08-30,本年薪金：105万美元
以赛亚-布里斯科,Isaiah Briscoe,魔术,magic,13,G,1.91米/6尺3,91公斤/200磅,91公斤/200磅,1996-04-13,本年薪金：84万美元
特洛伊-科佩恩,Troy Caupain,魔术,magic,3,G,1.93米/6尺4,95公斤/210磅,95公斤/210磅,1995-11-29,本年薪金：7万美元
阿米尔-杰弗森,Amile Jefferson,魔术,magic,11,F,2.06米/6尺9,102公斤/224磅,102公斤/224磅,1993-05-07,本年薪金：7万美元
