姓名,位置,身高,体重,生日,球队,学校,选秀,国籍,本赛季薪金,合同
托马斯-韦尔什（Thomas Welsh）,C-F,2.13米/7尺0,116公斤/255磅,1996-02-03,丹佛掘金,UCLA,2018年第2轮第28顺位,美国,,
贾里德-范德比尔特（Jarred Vanderbilt）,F,2.06米/6尺9,97公斤/214磅,1999-04-03,丹佛掘金,肯塔基大学,2018年第2轮第11顺位,美国,,
小加里-特伦特（Gary Trent）,G,1.98米/6尺6,95公斤/209磅,1999-01-18,波特兰开拓者,杜克大学,2018年第2轮第7顺位,美国,,
塞思-库里（Seth Curry）,G,1.88米/6尺2,84公斤/185磅,1990-08-23,波特兰开拓者,杜克大学,,美国,,
迈克尔-波特（Michael Porter）,F-G（1号）,2.08米/6尺10,98公斤/215磅,1998-06-29,丹佛掘金,密苏里大学,2018年第1轮第14顺位,美国,,
德文-霍尔（Devon Hall）,G,1.96米/6尺5,96公斤/211磅,1995-07-07,俄克拉荷马城雷霆,Virginia,2018年第2轮第23顺位,美国,,
丹尼尔-汉密尔顿（Daniel Hamilton）,G-F（25号）,2.01米/6尺7,88公斤/195磅,1995-08-08,俄克拉荷马城雷霆,Connecticut,2016年第2轮第顺位,,,
纳伦斯-诺埃尔（Nerlens Noel）,C,2.11米/6尺11,103公斤/228磅,1994-04-10,俄克拉荷马城雷霆,肯塔基大学,2013年第1轮第6顺位,美国,,
安芬尼-西蒙斯（Anfernee Simons）,G（24号）,1.91米/6尺3,83公斤/183磅,1999-06-08,波特兰开拓者,,2018年第1轮第24顺位,美国,,
马尔科姆-米勒（Malcolm Miller）,F（13号）,2.01米/6尺7,95公斤/210磅,1993-03-06,多伦多猛龙,Holy Cross,,美国,7万美元,1年7.5万美元，2017年夏天签，2018年夏天到期，双向合同

小贾伦-杰克逊（Jaren Jackson）,F-C（13号）,2.11米/6尺11,110公斤/242磅,1999-09-15,孟菲斯灰熊,密歇根州立大学,2018年第1轮第4顺位,美国,,
兰德里-沙梅特（Landry Shamet）,G,1.93米/6尺4,82公斤/180磅,1997-03-13,费城76人,威奇塔州立大学,2018年第1轮第26顺位,美国,,
杰文-卡特（Jevon Carter）,G（3号）,1.88米/6尺2,91公斤/200磅,1995-09-14,孟菲斯灰熊,西弗吉尼亚大学,2018年第2轮第2顺位,美国,,
马文-巴格利（Marvin Bagley）,F（35号）,2.11米/6尺11,107公斤/235磅,1999-03-14,萨克拉门托国王,杜克大学,2018年第1轮第2顺位,美国,,
科斯塔斯-阿德托昆博（Kostas Antetokounmpo）,F,2.08米/6尺10,88公斤/195磅,1997-11-20,达拉斯独行侠,戴顿大学,2018年第2轮第30顺位,希腊,,
朗尼-沃克（Lonnie Walker）,G,1.96米/6尺5,93公斤/204磅,1998-12-14,圣安东尼奥马刺,迈阿密大学,2018年第1轮第18顺位,美国,,
鲁迪-盖伊（Rudy Gay）,F,2.03米/6尺8,104公斤/230磅,1986-08-17,圣安东尼奥马刺,康涅狄格大学,2006年第1轮第8顺位,美国,,
凯里-托马斯（Khyri Thomas）,G,1.91米/6尺3,95公斤/210磅,1996-05-08,底特律活塞,克雷顿大学,2018年第2轮第8顺位,美国,,
钱德勒-哈奇森（Chandler Hutchison）,F-G（15号）,2.01米/6尺7,89公斤/196磅,1996-04-26,芝加哥公牛,博伊西州立大学,2018年第1轮第22顺位,美国,,
布鲁克-洛佩斯（Brook Lopez）,C,2.13米/7尺0,122公斤/268磅,1988-04-01,密尔沃基雄鹿,斯坦福大学,2008年第1轮第10顺位,美国,,
特雷-杨（Trae Young）,G（11号）,1.88米/6尺2,82公斤/180磅,1998-09-19,亚特兰大老鹰,俄克拉荷马大学,2018年第1轮第5顺位,美国,,
温德尔-卡特（Wendell Carter）,F（34号）,2.08米/6尺10,117公斤/259磅,1998-04-16,芝加哥公牛,杜克大学,2018年第1轮第7顺位,美国,,
凯文-赫尔特（Kevin Huerter）,G（1号）,2.01米/6尺7,86公斤/190磅,1998-08-27,亚特兰大老鹰,马里兰大学,2018年第1轮第19顺位,美国,,
奥马里-斯佩尔曼（Omari Spellman）,F（6号）,2.06米/6尺9,111公斤/245磅,1997-07-21,亚特兰大老鹰,维拉诺瓦大学,2018年第1轮第30顺位,美国,,
安东尼斯-克利夫兰（Antonius Cleveland）,G,1.98米/6尺6,88公斤/195磅,1994-02-02,亚特兰大老鹰,Southeast Missouri State,,美国,,
杰里米-埃文斯（Jeremy Evans）,F（6号）,2.06米/6尺9,91公斤/200磅,1987-10-24,亚特兰大老鹰,西肯塔基大学,2010年第2轮第25顺位,美国,,
科林-塞克斯顿（Collin Sexton）,G（2号）,1.91米/6尺3,86公斤/190磅,1999-01-04,克利夫兰骑士,阿拉巴马大学,2018年第1轮第8顺位,美国,,
奥卡罗-怀特（Okaro White）,F（9号）,2.03米/6尺8,93公斤/204磅,1992-08-13,克利夫兰骑士,佛罗里达州立大学,,美国,,
肯德里克-帕金斯（Kendrick Perkins）,C（21号）,2.08米/6尺10,122公斤/270磅,1984-11-10,克利夫兰骑士,,2003年第1轮第27顺位,美国,,
Jaylen Adams
,G,1.88米/6尺2,102公斤/225磅,1996-05-04,亚特兰大老鹰,St. Bonaventure,,,,
杰伦-莫里斯（Jaylen Morris）,G（3号）,1.96米/6尺5,84公斤/185磅,1995-09-19,亚特兰大老鹰,Molloy,,,4万美元,10天4.7万美元，2月28日签，3月10日到期
安德鲁-怀特（Andrew White III）,F-G（4号）,2.01米/6尺7,95公斤/210磅,1993-06-16,亚特兰大老鹰,Syracuse,,,7万美元,7.5万美元，2018年1月签，2018年夏天到期，双向合同
泰勒-多西（Tyler Dorsey）,G（2号）,1.93米/6尺4,83公斤/183磅,1996-02-18,亚特兰大老鹰,俄勒冈大学,2017年第2轮第11顺位,希腊/美国,82万美元,2年219万美元，2017年夏天签，2019年夏天到期
德安德烈-本布里（DeAndre' Bembry）,F-G（95号）,1.98米/6尺6,95公斤/210磅,1994-07-04,亚特兰大老鹰,圣约瑟夫大学,2016年第1轮第21顺位,美国,157万美元,4年731万美元，2016年夏天签，2020年夏天到期，2018-19赛季、2019-20赛季球队选项
约翰-科林斯（John Collins）,F-C（20号）,2.08米/6尺10,107公斤/235磅,1997-09-23,亚特兰大老鹰,维克森林大学,2017年第1轮第19顺位,美国,193万美元,4年1106万美元，2017年夏天签，2021年夏天到期，2019-20、2020-21赛季球队选项
托里恩-普林斯（Taurean Prince）,F（12号）,2.03米/6尺8,100公斤/220磅,1994-03-22,亚特兰大老鹰,贝勒大学,2016年第1轮第12顺位,美国,242万美元,4年1075万美元，2016年夏天签，2020年夏天到期，2018-19赛季、2019-20赛季球队选项
迈克-穆斯卡拉（Mike Muscala）,F-C（31号）,2.11米/6尺11,109公斤/240磅,1991-07-01,亚特兰大老鹰,Bucknell,2013年第2轮第14顺位,美国,500万美元,2年1000万美元，2017年夏天签，2019年夏天到期，2018-2019赛季球员选项
德维恩-戴德蒙（Dewayne Dedmon）,C（14号）,2.13米/7尺0,111公斤/245磅,1989-08-12,亚特兰大老鹰,南加利福尼亚大学,,美国,600万美元,2年1230万美元，2017年夏天签，2018年夏天到期，每赛季90万激励奖金
迈尔斯-普拉姆利（Miles Plumlee）,C（18号）,2.11米/6尺11,113公斤/249磅,1988-09-01,亚特兰大老鹰,杜克大学,2012年第1轮第26顺位,美国,1250万美元,4年5000万，2016年夏天签，2020年夏天到期，每年60万美元不易达到的激励奖金
丹尼斯-施罗德（Dennis Schroder）,G（17号）,1.85米/6尺1,78公斤/172磅,1993-09-15,亚特兰大老鹰,,2013年第1轮第17顺位,德国,1550万美元,4年750万，2013年夏天签，2016年10月以4年7000万美元提前续约，2017年夏天生效，2021年夏天到期，其中6200万美元受保障，200万美元不易达到的激励奖金
肯特-贝兹莫尔（Kent Bazemore）,G-F（24号）,1.96米/6尺5,91公斤/201磅,1989-07-01,亚特兰大老鹰,老道明大学,,美国,1691万美元,4年7000万美元，2016年夏天签，2020年夏天到期，2019-20赛季球员选项
Billy Preston
,F,2.08米/6尺10,101公斤/222磅,1997-10-26,克利夫兰骑士,,,,,
切迪-奥斯曼（Cedi Osman）,F-G（16号）,2.03米/6尺8,98公斤/215磅,1995-04-08,克利夫兰骑士,,2015年第2轮第1顺位,马其顿/土耳其,263万美元,3年832万美元，2017年夏天签，2020年夏天到期
小拉里-南斯（Larry Nance Jr.）,F（22号）,2.06米/6尺9,104公斤/230磅,1993-01-01,克利夫兰骑士,Wyoming,2015年第1轮第27顺位,美国,126万美元,4年590万美元，2015年夏天签，2019年夏天到期，2017-18赛季、2018-19赛季球队选项
安特-日日奇（Ante Zizic）,F-C（41号）,2.11米/6尺11,113公斤/250磅,1997-01-04,克利夫兰骑士,,2016年第1轮第23顺位,克罗地亚,165万美元,4年975万美元，2017年夏天签，2021年夏天到期，2019-2020、2020-2021赛季球队选项
罗德尼-胡德（Rodney Hood）,G（1号）,2.03米/6尺8,93公斤/206磅,1992-10-20,克利夫兰骑士,杜克大学,2014年第1轮第23顺位,美国,239万美元,4年643万美元，2014年夏天签，2018年夏天到期，2016-17赛季、2017-18赛季球队选项
JR-史密斯（JR Smith）,G-F（5号）,1.98米/6尺6,102公斤/225磅,1985-09-09,克利夫兰骑士,,2004年第1轮第18顺位,美国,1376万美元,4年5700万美元，2016年夏天签，2020年夏天到期，2019-2020赛季387万美元保障，2019年6月29日之前不被裁则转为全额保障
约翰-霍兰（John Holland）,G-F（10号）,1.96米/6尺5,93公斤/205磅,1988-11-06,克利夫兰骑士,Boston University,,美国,7万美元,1年7.5万美元，2017年夏天签，2018年夏天到期，双向合同
凯尔-科沃尔（Kyle Korver）,G-F（26号）,2.01米/6尺7,96公斤/212磅,1981-03-17,克利夫兰骑士,克雷顿大学,2003年第2轮第22顺位,美国,700万美元,3年2206万美元，2017年夏天签，2019年夏天到期，2019-2020赛季344万美元保障，2019年7月7日之前不被裁则转为全额保障
乔丹-克拉克森（Jordan Clarkson）,G（8号）,1.96米/6尺5,88公斤/194磅,1992-06-07,克利夫兰骑士,密苏里大学,2014年第2轮第16顺位,美国/菲律宾,1156万美元,4年5000万美元，2016年夏天签，2020年夏天到期
特里斯坦-汤普森（Tristan Thompson）,C-F（13号）,2.06米/6尺9,108公斤/238磅,1991-03-13,克利夫兰骑士,德克萨斯大学,2011年第1轮第4顺位,加拿大,1640万美元,5年8200万美元，2015年夏天签，2020年夏天到期
乔治-希尔（George Hill）,G（3号）,1.91米/6尺3,85公斤/188磅,1986-05-04,克利夫兰骑士,普度联合大学印第安纳波利斯分校,2008年第1轮第26顺位,美国,2000万美元,3年5700万美元，2017年夏天签，2020年夏天到期，4000万美元保障，2019-20赛季100万美元保障
凯文-乐福（Kevin Love）,F-C,2.08米/6尺10,114公斤/251磅,1988-09-07,克利夫兰骑士,加州大学洛杉矶分校,2008年第1轮第5顺位,美国,2264万美元,5年1.13亿美元，2015年夏天签，2020年夏天到期
布鲁斯-布朗（Bruce Brown）,G,1.96米/6尺5,86公斤/190磅,1996-08-15,底特律活塞,迈阿密大学,2018年第2轮第12顺位,美国,,
扎扎-帕楚里亚（Zaza Pachulia）,C,2.11米/6尺11,125公斤/275磅,1984-02-10,底特律活塞,,2003年第2轮第13顺位,格鲁吉亚,,
何塞-卡尔德隆（Jose Calderon）,G,1.91米/6尺3,91公斤/200磅,1981-09-28,底特律活塞,,,西班牙,,
格伦-罗宾逊三世（Glenn Robinson III）,G-F,1.98米/6尺6,101公斤/222磅,1994-01-08,底特律活塞,密歇根大学,2014年第2轮第10顺位,美国,,
雷吉-赫恩（Reggie Hearn）,G（38号）,1.96米/6尺5,95公斤/210磅,1991-08-14,底特律活塞,Northwestern,,,7万美元,7.5万美元，2018年7月签，2018年夏天到期，双向合同
亨利-埃伦森（Henry Ellenson）,F（8号）,2.11米/6尺11,111公斤/245磅,1997-01-13,底特律活塞,马奎特大学,2016年第1轮第18顺位,美国,178万美元,4年820万美元，2016年夏天签，2020年夏天到期，2018-19赛季、2019-20赛季球队选项
雷吉-布洛克（Reggie Bullock）,F（25号）,2.01米/6尺7,93公斤/205磅,1991-03-16,底特律活塞,北卡罗莱纳大学,2013年第1轮第25顺位,美国,250万美元,2年500万美元，2017年夏天签，2019年夏天到期，2018-2019赛季无保障，2018年7月15日之前不被裁则转为全额保障
卢克-肯纳德（Luke Kennard）,G（5号）,1.96米/6尺5,91公斤/200磅,1996-06-24,底特律活塞,杜克大学,2017年第1轮第12顺位,美国,276万美元,4年1514万美元，2017年夏天签，2021年夏天到期，2019-20、2020-21赛季球队选项
斯坦利-约翰逊（Stanley Johnson）,F（7号）,2.01米/6尺7,111公斤/245磅,1996-05-29,底特律活塞,亚利桑那大学,2015年第1轮第8顺位,美国,310万美元,4年1285万美元，2015年夏天签，2019年夏天到期，2017-18赛季、2018-19赛季球队选项
伊斯梅尔-史密斯（Ish Smith）,G（14号）,1.83米/6尺0,79公斤/175磅,1988-07-05,底特律活塞,维克森林大学,,美国,600万美元,3年1800万美元，2016年夏天签，2019年夏天到期
兰斯顿-加洛韦（Langston Galloway）,G（9号）,1.88米/6尺2,91公斤/200磅,1991-12-09,底特律活塞,圣约瑟夫大学,,美国,667万美元,3年2100万美元，2017年夏天签，2020年夏天到期
乔恩-洛伊尔（Jon Leuer）,F-C（30号）,2.08米/6尺10,103公斤/228磅,1989-05-14,底特律活塞,威斯康星大学,2011年第2轮第10顺位,美国,1050万美元,4年4200万美元，2016年夏天签，2020年夏天到期
雷吉-杰克逊（Reggie Jackson）,G（1号）,1.91米/6尺3,94公斤/208磅,1990-04-16,底特律活塞,波士顿学院,2011年第1轮第24顺位,美国,1600万美元,5年8000万美元，2015年夏天签，2020年夏天到期
安德烈-德拉蒙德（Andre Drummond）,C,2.11米/6尺11,127公斤/279磅,1993-08-10,底特律活塞,康涅狄格大学,2012年第1轮第9顺位,美国,2378万美元,5年1.3亿美元，2016年夏天签，2021年夏天到期，2020-21赛季球员选项
布雷克-格里芬（Blake Griffin）,F（23号）,2.08米/6尺10,114公斤/251磅,1989-03-16,底特律活塞,俄克拉荷马大学,2009年第1轮第1顺位,美国,2951万美元,5年1.71亿美元，2017年夏天签，2022年夏天到，2021-22赛季球员选项
阿龙-霍勒迪（Aaron Holiday）,G,1.85米/6尺1,84公斤/185磅,1996-09-30,印第安纳步行者,加州大学洛杉矶分校,2018年第1轮第23顺位,美国,,
阿利兹-约翰逊 （Alize Johnson）,F,2.06米/6尺9,91公斤/201磅,1996-04-22,印第安纳步行者,密苏里州立大学,2018年第2轮第20顺位,美国,,
埃德蒙-萨姆纳（Edmond Sumner）,G（5号）,1.96米/6尺5,84公斤/185磅,1995-12-31,印第安纳步行者,泽维尔大学,2017年第2轮第22顺位,美国,7万美元,1年7.5万美元，2017年夏天签，2018年夏天到期，双向合同
凯尔-奥奎因（Kyle O'Quinn）,C-F,2.08米/6尺10,113公斤/250磅,1990-03-26,印第安纳步行者,诺福克州立大学,2012年第2轮第19顺位,美国,,
道格-麦克德莫特（Doug McDermott）,F,2.03米/6尺8,99公斤/219磅,1992-01-03,印第安纳步行者,克雷顿大学,2014年第1轮第11顺位,美国,,
泰瑞克-埃文斯（Tyreke Evans）,G-F,1.98米/6尺6,100公斤/220磅,1989-09-19,印第安纳步行者,孟菲斯大学,2009年第1轮第4顺位,美国,,
本-摩尔（Ben Moore）,F（26号）,2.03米/6尺8,100公斤/220磅,1995-05-13,印第安纳步行者,Southern Methodist,,美国,7万美元,7.5万美元，2018年1月签，2018年夏天到期，双向合同
伊凯-阿尼博古（Ike Anigbogu）,C-F（13号）,2.08米/6尺10,113公斤/250磅,1998-10-16,印第安纳步行者,加州大学洛杉矶分校,2017年第2轮第17顺位,美国,95万美元,3年395万美元，2017年夏天签，2020年夏天到期，2018-19赛季6.5万美元保障，2018年7月15日之前不被裁则转为全额保障；2019-20赛季无保障，2019年6月29日之前不被裁则转为
约瑟夫-杨（Joe Young）,G（3号）,1.88米/6尺2,82公斤/180磅,1992-06-27,印第安纳步行者,俄勒冈大学,2015年第2轮第13顺位,美国,147万美元,4年430万美元，2015年夏天签，2019年夏天到期，2017-18赛季无保障，2017年7月1日之前不被裁则转为全额保障（已转为全额保障）；2018-19赛季，2018年6月28日之前球队选项 
TJ-利夫（TJ Leaf）,F（22号）,2.08米/6尺10,102公斤/225磅,1997-04-30,印第安纳步行者,加州大学洛杉矶分校,2017年第1轮第18顺位,以色列/美国,203万美元,4年1158万美元，2017年夏天签，2021年夏天到期，2019-20、2020-21赛季球队选项
迈尔斯-特纳（Myles Turner）,C（33号）,2.11米/6尺11,110公斤/243磅,1996-03-24,印第安纳步行者,德克萨斯大学,2015年第1轮第11顺位,美国,267万美元,4年1080万美元，2015年夏天签，2019年夏天到期，2017-18赛季、2018-19赛季球队选项
达伦-科里森（Darren Collison）,G（2号）,1.83米/6尺0,79公斤/175磅,1987-08-23,印第安纳步行者,加州大学洛杉矶分校,2009年第1轮第21顺位,美国,1000万美元,2年2000万美元，2017年夏天签，2019年夏天到期，2018-19赛季200万美元保障
多曼塔斯-萨博尼斯（Domantas Sabonis）,C-F（11号）,2.11米/6尺11,109公斤/240磅,1996-05-03,印第安纳步行者,冈萨加大学,2016年第1轮第11顺位,立陶宛/美国,255万美元,4年1118万美元，2016年夏天签，2020年夏天到期，2018-19赛季、2019-20赛季球队选项
博扬-波格丹诺维奇（Bojan Bogdanovic）,F-G（44号）,2.03米/6尺8,102公斤/225磅,1989-04-18,印第安纳步行者,,2011年第2轮第1顺位,克罗地亚,1050万美元,2年2100万美元，2017年夏天签，2019年夏天到期，2018-19赛季150万美元保障，2018年6月29日之前不被裁则转为全额保障
马绍尔-普拉姆利（Marshall Plumlee）,C（40号）,2.13米/7尺0,113公斤/250磅,1992-07-14,密尔沃基雄鹿,杜克大学,,美国,7万美元,7.5万美元，2018年1月签，2018年夏天到期，双向合同
赛迪斯-杨（Thaddeus Young）,F（21号）,2.03米/6尺8,100公斤/221磅,1988-06-21,印第安纳步行者,佐治亚理工学院,2007年第1轮第12顺位,美国,1292万美元,4年5400万美元，2015年夏天签，2019年夏天到期，2018-19赛季球员选项，包含15%交易保证金
马尔科姆-布罗格登（Malcolm Brogdon）,G（13号）,1.96米/6尺5,98公斤/215磅,1992-12-11,密尔沃基雄鹿,弗吉尼亚大学,2016年第2轮第6顺位,美国,131万美元,3年378万美元，2016年夏天签，2019年夏天到期， 2018-2019赛季无保障，2018年6月30日之前不被裁则转为全额保障
维克托-奥拉迪波（Victor Oladipo）,G（4号）,1.93米/6尺4,95公斤/210磅,1992-05-04,印第安纳步行者,印第安纳大学,2013年第1轮第2顺位,美国,2100万美元,4年2138万，2013年夏天签，2017年夏天到期，2016年10月以4年8400万美元提前续约，2017年夏天生效，2021年夏天到期，每年25万不易达到的激励奖金
唐特-迪温琴佐（Donte DiVincenzo）,G（9号）,1.96米/6尺5,93公斤/205磅,1997-01-31,密尔沃基雄鹿,维拉诺瓦大学,2018年第1轮第17顺位,美国,,
艾森-伊利亚索瓦（Ersan Ilyasova）,F,2.08米/6尺10,107公斤/235磅,1987-05-15,密尔沃基雄鹿,,2005年第2轮第6顺位,土耳其,,
布兰登-詹宁斯（Brandon Jennings）,G（11号）,1.85米/6尺1,77公斤/170磅,1989-09-23,密尔沃基雄鹿,,2009年第1轮第10顺位,美国,12万美元,12万美元，2018年3月签，2018年夏天到期
泽维尔-芒福德（Xavier Munford）,G,1.91米/6尺3,82公斤/180磅,1992-06-01,密尔沃基雄鹿,Rhode Island,,美国,7万美元,7.5万美元，2018年1月签，2018年夏天到期，双向合同
斯特林-布朗（Sterling Brown）,G-F（23号）,1.98米/6尺6,104公斤/230磅,1995-02-10,密尔沃基雄鹿,Southern Methodist,2017年第2轮第16顺位,美国,138万美元,3年381万美元，2017年夏天签，2020年夏天到期
贾巴里-帕克（Jabari Parker）,F（12号）,2.03米/6尺8,113公斤/250磅,1995-03-15,密尔沃基雄鹿,杜克大学,2014年第1轮第2顺位,美国,678万美元,4年2224万，2014年夏天签，2018年夏天到期，2016-17赛季、2017-18赛季球队选项（已执行）
约翰-亨森（John Henson）,F-C（31号）,2.11米/6尺11,104公斤/229磅,1990-12-28,密尔沃基雄鹿,北卡罗莱纳大学,2012年第1轮第14顺位,美国,1142万美元,4年4400万美元，2015年10月签，2016年夏天生效，2020年夏天到期
泰勒-泽勒（Tyler Zeller）,C-F（44号）,2.13米/7尺0,115公斤/253磅,1990-01-17,密尔沃基雄鹿,北卡罗莱纳大学,2012年第1轮第17顺位,美国,171万美元,2年364万美元，2017年夏天签，2019年夏天到期，2018-19赛季无保障
DJ-威尔森（D.J. Wilson）,F（5号）,2.08米/6尺10,109公斤/240磅,1996-02-19,密尔沃基雄鹿,密歇根大学,2017年第1轮第17顺位,美国,214万美元,4年1218万美元，2017年夏天签，2021年夏天到期，2019-20、2020-21赛季球队选项
索恩-梅克（Thon Maker）,C-F（7号）,2.16米/7尺1,101公斤/223磅,1997-02-25,密尔沃基雄鹿,,2016年第1轮第10顺位,澳大利亚,268万美元,4年931万美元，2016年夏天签，2020年夏天到期，2018-19赛季、2019-20赛季球队选项
马修-戴拉维多瓦（Matthew Dellavedova）,G（8号）,1.93米/6尺4,90公斤/198磅,1990-09-08,密尔沃基雄鹿,圣玛丽学院,,澳大利亚,960万美元,4年3840万美元，2016年夏天签，2020年夏天到期
托尼-斯内尔（Tony Snell）,G-F（21号）,2.01米/6尺7,98公斤/217磅,1991-11-10,密尔沃基雄鹿,新墨西哥大学,2013年第1轮第20顺位,美国,982万美元,4年4600万美元，2017年夏天签，2021年夏天到期，2020-2021赛季球员选项
扬尼斯-阿德托昆博（Giannis Antetokounmpo）,F（34号）,2.11米/6尺11,101公斤/222磅,1994-12-06,密尔沃基雄鹿,,2013年第1轮第15顺位,希腊,2247万美元,4年861万美元，2013年夏天签，2017年夏天到期；2016年9月以4年1亿美元续约，2017年夏天生效，2021年夏天到期
杰罗姆-罗宾逊（Jerome Robinson）,G（13号）,1.96米/6尺5,86公斤/190磅,1997-02-22,洛杉矶快船,波士顿学院,2018年第1轮第13顺位,美国,,
Angel Delgado
,C-F,2.08米/6尺10,109公斤/240磅,1994-11-20,洛杉矶快船,Seton Hall,,,,
埃里克-布莱索（Eric Bledsoe）,G（6号）,1.85米/6尺1,93公斤/205磅,1989-12-09,密尔沃基雄鹿,肯塔基大学,2010年第1轮第18顺位,美国,1450万美元,5年7000万美元，2014年夏天签，2019年夏天到期
谢伊-吉尔杰斯-亚历山大（Shai Gilgeous-Alexander）,G（2号）,1.98米/6尺6,82公斤/180磅,1998-07-12,洛杉矶快船,肯塔基大学,2018年第1轮第11顺位,加拿大,,
CJ-威廉姆斯（C.J. Williams）,G（9号）,1.96米/6尺5,104公斤/230磅,1990-02-06,洛杉矶快船,北卡罗来纳州立大学,,美国,7万美元,1年7.5万美元，2017年夏天签，2018年夏天到期，双向合同
埃弗里-布拉德利（Avery Bradley）,G（11号）,1.88米/6尺2,82公斤/180磅,1990-11-26,洛杉矶快船,德克萨斯大学,2010年第1轮第19顺位,美国,,
克里斯-米德尔顿（Khris Middleton）,F-G（22号）,2.03米/6尺8,106公斤/234磅,1991-08-12,密尔沃基雄鹿,德克萨斯农工大学,2012年第2轮第9顺位,美国,1410万美元,5年7000万美元，2015年夏天签，2020年夏天到期
蒂龙-华莱士（Tyrone Wallace）,G（12号）,1.96米/6尺5,91公斤/200磅,1994-06-10,洛杉矶快船,加利福尼亚大学,2016年第2轮第30顺位,美国,7万美元,1年7.5万美元，2017年夏天签，2018年夏天到期，双向合同
辛达里厄斯-桑韦尔（Sindarius Thornwell）,G-F,1.96米/6尺5,98公斤/215磅,1994-11-15,洛杉矶快船,南卡罗莱纳大学,2017年第2轮第18顺位,美国,82万美元,3年381万美元，2017年夏天签，2020年夏天到期，2019-20赛季无保障
迈克-斯科特（Mike Scott）,F,2.03米/6尺8,107公斤/237磅,1988-07-16,洛杉矶快船,弗吉尼亚大学,2012年第2轮第13顺位,美国,,
卢克-理查德-巴莫特（Luc Mbah a Moute）,F,2.03米/6尺8,104公斤/230磅,1986-09-09,洛杉矶快船,加州大学洛杉矶分校,2008年第2轮第7顺位,喀麦隆,,
贾旺-埃文斯（Jawun Evans）,G（1号）,1.83米/6尺0,86公斤/190磅,1996-07-26,洛杉矶快船,俄克拉荷马州立大学,2017年第2轮第9顺位,美国,82万美元,3年381万美元，2017年夏天签，2020年夏天到期，2019-20赛季球队选项
博班-马里亚诺维奇（Boban Marjanovic）,C（51号）,2.21米/7尺3,132公斤/290磅,1988-08-15,洛杉矶快船,,,塞尔维亚,700万美元,3年2100万美元，2016年夏天签，2019年夏天到期
蒙特雷兹-哈勒尔（Montrezl Harrell）,F-C（5号）,2.03米/6尺8,109公斤/240磅,1994-01-26,洛杉矶快船,路易斯维尔大学,2015年第2轮第2顺位,美国,109万美元,3年314万美元，2015年夏天签，2018年夏天到期
帕特里克-贝弗利（Patrick Beverley）,G（21号）,1.85米/6尺1,84公斤/185磅,1988-07-12,洛杉矶快船,阿肯色大学,2009年第2轮第12顺位,美国,551万美元,4年2303万美元，2015年夏天签，2019年夏天到期，2018-19赛季无保障
萨姆-德克尔（Sam Dekker）,F（7号）,2.06米/6尺9,104公斤/230磅,1994-05-08,洛杉矶快船,威斯康星大学,2015年第1轮第18顺位,美国,179万美元,4年792万美元，2015年夏天签，2019年夏天到期，2017-18赛季、2018-19赛季球队选项
米洛什-特奥多西奇（Milos Teodosic）,G（4号）,1.96米/6尺5,89公斤/196磅,1987-03-19,洛杉矶快船,,,塞尔维亚,600万美元,2年1230万美元，2017年夏天签，2019年夏天到期，2017-18赛季200万美元保障，2017年7月15日之前不被裁则转为全额合同（已转为全额合同）；2018-19赛季球员选项，210万美元保
路易斯-威廉姆斯（Lou Williams）,G（23号）,1.85米/6尺1,79公斤/175磅,1986-10-27,洛杉矶快船,,2005年第2轮第15顺位,美国,730万美元,3年2100万美元，2015年夏天签，2018年夏天到期
马尔钦-戈塔特（Marcin Gortat）,C,2.11米/6尺11,109公斤/240磅,1984-02-17,洛杉矶快船,,2005年第2轮第27顺位,波兰,1278万美元,5年6000万，2014年夏天签，2019年夏天到期
贾维尔-麦基（JaVale McGee）,C,2.13米/7尺0,122公斤/270磅,1988-01-19,洛杉矶湖人,内华达大学,2008年第1轮第18顺位,美国,,
达尼罗-加里纳利（Danilo Gallinari）,F（8号）,2.08米/6尺10,102公斤/225磅,1988-08-08,洛杉矶快船,,2008年第1轮第6顺位,意大利,2056万美元,3年6477万美元，2017年夏天签，2020年夏天到期
斯维亚托斯拉夫-米哈伊柳克（Sviatoslav Mykhailiuk）,G（19号）,2.03米/6尺8,87公斤/192磅,1997-06-10,洛杉矶湖人,堪萨斯大学,2018年第2轮第17顺位,乌克兰,,
兰斯-史蒂芬森（Lance Stephenson）,G,1.96米/6尺5,104公斤/230磅,1990-09-05,洛杉矶湖人,辛辛那提大学,2010年第2轮第10顺位,美国,,
Malik Newman
,G,1.91米/6尺3,86公斤/190磅,1997-02-21,洛杉矶湖人,Kansas,,,,
伊萨克-邦加（Isaac Bonga）,F,2.03米/6尺8,81公斤/179磅,1999-11-08,洛杉矶湖人,,2018年第2轮第9顺位,德国,,
莫里茨-瓦格纳（Moritz Wagner）,C-F（15号）,2.11米/6尺11,109公斤/240磅,1997-04-26,洛杉矶湖人,密歇根大学,2018年第1轮第25顺位,德国,,
托拜厄斯-哈里斯（Tobias Harris）,F（34号）,2.06米/6尺9,107公斤/235磅,1992-07-15,洛杉矶快船,田纳西大学,2011年第1轮第19顺位,美国,1600万美元,4年6400万美元，2015年夏天签，2019年夏天到期
肯塔维厄斯-考德威尔-波普（Kentavious Caldwell-Pope）,G,1.96米/6尺5,93公斤/205磅,1993-02-18,洛杉矶湖人,乔治亚大学,2013年第1轮第8顺位,美国,,
拉简-隆多（Rajon Rondo）,G,1.85米/6尺1,84公斤/186磅,1986-02-22,洛杉矶湖人,肯塔基大学,2006年第1轮第21顺位,美国,,
特拉维斯-韦尔（Travis Wear）,F（21号）,2.08米/6尺10,102公斤/225磅,1990-09-21,洛杉矶湖人,UCLA,,美国,4万美元,10天4.7万美元，3月13日签，3月23日到期，第二份10天合同
安德烈-英格拉姆（Andre Ingram）,G（20号）,1.91米/6尺3,83公斤/184磅,1985-11-19,洛杉矶湖人,American University,,美国,1万美元,1.4万美元，2018年4月签，2018年夏天到期
约什-哈特（Josh Hart）,G-F（5号）,1.96米/6尺5,98公斤/215磅,1995-03-06,洛杉矶湖人,维拉诺瓦大学,2017年第1轮第30顺位,美国,139万美元,4年847万美元，2017年夏天签，2021年夏天到期，2019-20、2020-21赛季球队选项
加里-佩顿二世（Gary Payton II）,G（23号）,1.91米/6尺3,86公斤/190磅,1992-12-01,洛杉矶湖人,俄勒冈州立大学,,美国,7万美元,双向合同，2018年1月签，2018年夏天到期
伊维察-祖巴茨（Ivica Zubac）,C（40号）,2.16米/7尺1,109公斤/240磅,1997-03-18,洛杉矶湖人,,2016年第2轮第2顺位,克罗地亚,108万美元,3年324万美元，2016年夏天签，2019年夏天到期，2018-19赛季无保障。
亚历克斯-卡鲁索（Alex Caruso）,G（4号）,1.96米/6尺5,84公斤/186磅,1994-02-28,洛杉矶湖人,德克萨斯农工大学,,美国,7万美元,1年7.5万美元，2017年夏天签，2018年夏天到期，双向合同
朗佐-鲍尔（Lonzo Ball）,G（2号）,1.98米/6尺6,86公斤/190磅,1997-10-27,洛杉矶湖人,加州大学洛杉矶分校,2017年第1轮第2顺位,美国,629万美元,4年3347万美元，2017年夏天签，2021年夏天到期，2019-20、2020-21赛季球队选项
布兰登-英格拉姆（Brandon Ingram）,F-G（14号）,2.06米/6尺9,86公斤/190磅,1997-09-02,洛杉矶湖人,杜克大学,2016年第1轮第2顺位,美国,552万美元,4年2382万美元，2016年夏天签，2020年夏天到期，2018-19赛季、2019-20赛季球队选项
凯尔-库兹马（Kyle Kuzma）,F,2.06米/6尺9,100公斤/220磅,1995-07-24,洛杉矶湖人,犹他大学,2017年第1轮第27顺位,美国,142万美元,4年874万美元，2017年夏天签，2021年夏天到期，2019-20、2020-21赛季球队选项
奇梅齐耶-梅图（Chimezie Metu）,F,2.08米/6尺10,102公斤/225磅,1997-03-22,圣安东尼奥马刺,南加利福尼亚大学,2018年第2轮第19顺位,美国,,
达伦-希利亚德（Darrun Hilliard）,G-F（24号）,1.98米/6尺6,93公斤/205磅,1993-04-13,圣安东尼奥马刺,维拉诺瓦大学,2015年第2轮第8顺位,美国,7万美元,1年7.5万美元，2017年夏天签，2018年夏天到期，双向合同
洛尔-邓（Luol Deng）,F（9号）,2.06米/6尺9,100公斤/220磅,1985-04-16,洛杉矶湖人,杜克大学,2004年第1轮第7顺位,苏丹/英国,1719万美元,4年7200万美元，2016年夏天签，2020年夏天到期。
勒布朗-詹姆斯（LeBron James）,F-G（23号）,2.03米/6尺8,113公斤/250磅,1984-12-30,洛杉矶湖人,,2003年第1轮第1顺位,美国,3329万美元,3年9986万美元，2016年夏天签，2019年夏天到期，2018-19赛季球员选项，拥有交易否决权
布兰登-保罗（Brandon Paul）,G（3号）,1.93米/6尺4,91公斤/200磅,1991-04-30,圣安东尼奥马刺,伊利诺伊大学,,美国,82万美元,2年219万美元，2017年夏天签，2019年夏天到期，2018-19赛季无保障
马特-科斯特洛（Matt Costello）,F-C（10号）,2.08米/6尺10,109公斤/240磅,1993-08-05,圣安东尼奥马刺,密歇根州立大学,,美国,7万美元,1年7.5万美元，2017年夏天签，2018年夏天到期，双向合同
德里克-怀特（Derrick White）,G（4号）,1.96米/6尺5,91公斤/200磅,1994-07-02,圣安东尼奥马刺,科罗拉多大学,2017年第1轮第29顺位,美国,140万美元,4年854万美元，2017年夏天签，2021年夏天到期，2019-20、2020-21赛季球队选项
布林-福布斯（Bryn Forbes）,G（11号）,1.91米/6尺3,86公斤/190磅,1993-07-23,圣安东尼奥马刺,密歇根州立大学,,美国,131万美元,2年186万美元，2016年夏天签，2018年夏天到期，2016-17赛季12万5千美元保障，2017-18赛季10万美元保障
马科-贝里内利（Marco Belinelli）,G-F,1.96米/6尺5,95公斤/210磅,1986-03-25,圣安东尼奥马刺,,2007年第1轮第18顺位,意大利,82万美元,82万美元，2018年2月签，2018年夏天到期
戴维斯-贝尔坦斯（Davis Bertans）,F（42号）,2.08米/6尺10,95公斤/210磅,1992-11-12,圣安东尼奥马刺,,2011年第2轮第12顺位,拉脱维亚,91万美元,2年145万美元，2016年夏天签，2018年夏天到期
德章泰-默里（Dejounte Murray）,G（5号）,1.96米/6尺5,77公斤/170磅,1996-09-19,圣安东尼奥马刺,华盛顿大学,2016年第1轮第29顺位,美国,123万美元,4年602万美元，2016年夏天签，2020年夏天到期，2018-19赛季、2019-20赛季球队选项
丹尼-格林（Danny Green）,G-F（14号）,1.98米/6尺6,98公斤/215磅,1987-06-22,圣安东尼奥马刺,北卡罗莱纳大学,2009年第2轮第16顺位,美国,1000万美元,4年4000万美元，2015年夏天签，2019年夏天到期，2018-19赛季球员选项
保罗-齐普泽（Paul Zipser）,F-G（16号）,2.03米/6尺8,95公斤/210磅,1994-02-18,芝加哥公牛,,2016年第2轮第18顺位,德国,131万美元,4年528万美元，2016年夏天签，2020年夏天到期，2016-2017赛季、2017-2018赛季全额保障，2018-2019赛季无保障，2018年7月18日之前不被裁则转为全额保障，2019-2
保罗-加索尔（Pau Gasol）,C-F（16号）,2.13米/7尺0,113公斤/250磅,1980-07-06,圣安东尼奥马刺,,2001年第1轮第3顺位,西班牙,1600万美元,3年4800万美元，2017年夏天签，2020年夏天到期，2019-20赛季670万美元保障
马努-吉诺比利（Manu Ginobili）,G（20号）,1.98米/6尺6,93公斤/205磅,1977-07-28,圣安东尼奥马刺,,1999年第2轮第28顺位,阿根廷,250万美元,2年500万美元，2017年夏天签，2019年夏天到期
科怀-伦纳德（Kawhi Leonard）,F（2号）,2.01米/6尺7,104公斤/230磅,1991-06-29,圣安东尼奥马刺,圣地亚哥州立大学,2011年第1轮第15顺位,美国,1887万美元,5年9434万美元，2015年夏天签，2020年夏天到期，2019-20赛季球员选项
拉马库斯-阿尔德里奇（LaMarcus Aldridge）,F（12号）,2.11米/6尺11,118公斤/260磅,1985-07-19,圣安东尼奥马刺,德克萨斯大学,2006年第1轮第2顺位,美国,2146万美元,4年8407万美元，2015年夏天签，2019年夏天到期，2018-19赛季球员选项；2017年10月以3年7230万美元提前续约，2018年夏天生效，2021年到期，如果2020年6月29日之前被裁
安东尼奥-布莱克尼（Antonio Blakeney）,G（9号）,1.93米/6尺4,89公斤/197磅,1996-10-04,芝加哥公牛,路易斯安那州立大学,,美国,7万美元,1年7.5万美元，2017年夏天签，2018年夏天到期，双向合同
瑞安-阿西迪亚科诺（Ryan Arcidiacono）,G（15号）,1.91米/6尺3,88公斤/195磅,1994-03-26,芝加哥公牛,维拉诺瓦大学,,美国/意大利,7万美元,1年7.5万美元，2017年夏天签，2018年夏天到期，双向合同
帕蒂-米尔斯（Patty Mills）,G（8号）,1.83米/6尺0,84公斤/185磅,1988-08-11,圣安东尼奥马刺,圣玛丽学院,2009年第2轮第25顺位,澳大利亚,1116万美元,4年5000万美元，2017年夏天签，2021年夏天到期
大卫-努瓦巴（David Nwaba）,G-F（11号）,1.93米/6尺4,95公斤/209磅,1993-01-14,芝加哥公牛,加利福尼亚理工州立大学,,美国,131万美元,2年139万美元，2016年夏天签，2018年夏天到期，2017-18赛季无保障
肖恩-基尔帕特里克（Sean Kilpatrick）,G,1.93米/6尺4,99公斤/219磅,1990-01-06,芝加哥公牛,辛辛那提大学,,美国,210万美元,3年620万美元，2018年3月签，2020年夏天到期，其中2017-18赛季210万美元受保障，2018-19赛季、2019-20赛季球队选项
扎克-拉文（Zach LaVine）,G（8号）,1.96米/6尺5,84公斤/185磅,1995-03-10,芝加哥公牛,加州大学洛杉矶分校,2014年第1轮第13顺位,美国,320万美元,4年964万美元，2014年夏天签，2018年夏天到期，2016-17赛季、2017-18赛季球队选项
博比-波蒂斯（Bobby Portis）,F（5号）,2.11米/6尺11,112公斤/246磅,1995-02-10,芝加哥公牛,阿肯色大学,2015年第1轮第22顺位,美国,152万美元,4年686万美元，2015年夏天签，2019年夏天到期，2017-18赛季、2018-19赛季球队选项
朱利安-斯通（Julyan Stone）,G,1.98米/6尺6,91公斤/200磅,1988-12-07,芝加哥公牛,德克萨斯大学,,美国,152万美元,
登泽尔-瓦伦丁（Denzel Valentine）,F-G（45号）,1.98米/6尺6,96公斤/212磅,1993-11-16,芝加哥公牛,密歇根州立大学,2016年第1轮第14顺位,美国,219万美元,4年805万美元，2016年夏天签，2020年夏天到期，2018-19赛季、2019-20赛季球队选项
卡梅伦-佩恩（Cameron Payne）,G（22号）,1.91米/6尺3,84公斤/185磅,1994-08-08,芝加哥公牛,莫瑞州立大学,2015年第1轮第14顺位,美国,220万美元,4年960万美元，2015年夏天签，2019年夏天到期，2017-18赛季、2018-19赛季球队选项
诺阿-冯莱（Noah Vonleh）,F（30号）,2.06米/6尺9,111公斤/245磅,1995-08-24,芝加哥公牛,印第安纳大学,2014年第1轮第9顺位,美国,351万美元,4年1142万美元，2014年夏天签，2018年夏天到期，2016-17赛季、2017-18赛季球队选项
劳里-马尔卡宁（Lauri Markkanen）,F（24号）,2.13米/7尺0,104公斤/230磅,1997-05-22,芝加哥公牛,亚利桑那大学,2017年第1轮第7顺位,芬兰,382万美元,4年2039万美元，2017年夏天签，2021年夏天到期，2019-2020、2020-2021赛季球队选项
克里斯-邓恩（Kris Dunn）,G（32号）,1.93米/6尺4,93公斤/205磅,1994-03-18,芝加哥公牛,普罗维登斯学院,2016年第1轮第5顺位,美国,405万美元,4年1749万美元，2016年夏天签，2020年夏天到期，2018-19赛季、2019-20赛季球队选项
贾斯廷-霍勒迪（Justin Holiday）,G（7号）,1.98米/6尺6,84公斤/185磅,1989-04-05,芝加哥公牛,华盛顿大学,,美国,462万美元,2年900万美元，2017年夏天签，2019年夏天到期
克里斯蒂亚诺-费利西奥（Cristiano Felicio）,C-F（6号）,2.06米/6尺9,121公斤/266磅,1992-07-07,芝加哥公牛,,,巴西,784万美元,4年3200万美元，2017年夏天签，2021年夏天到期
德马库斯-考辛斯（DeMarcus Cousins）,C,2.11米/6尺11,122公斤/270磅,1990-08-13,金州勇士,肯塔基大学,2010年第1轮第5顺位,美国,,
欧米尔-阿西克（Omer Asik）,C（3号）,2.13米/7尺0,116公斤/255磅,1986-07-04,芝加哥公牛,,2008年第2轮第6顺位,土耳其,1060万美元,5年5798万美元，2015年夏天签，2020年夏天到期，2019-20赛季300万美元保障
凯文-卢尼（Kevon Looney）,F,2.06米/6尺9,100公斤/220磅,1996-02-06,金州勇士,加州大学洛杉矶分校,2015年第1轮第30顺位,美国,,
罗宾-洛佩斯（Robin Lopez）,C（42号）,2.13米/7尺0,116公斤/255磅,1988-04-01,芝加哥公牛,斯坦福大学,2008年第1轮第15顺位,美国,1379万美元,4年5400万美元，2015年夏天签，2019年夏天到期
凯文-杜兰特（Kevin Durant）,F（35号）,2.06米/6尺9,109公斤/240磅,1988-09-29,金州勇士,德克萨斯大学,2007年第1轮第2顺位,美国,,
雅各布-埃文斯（Jacob Evans）,F-G（10号）,1.98米/6尺6,95公斤/210磅,1997-06-18,金州勇士,辛辛那提大学,2018年第1轮第28顺位,美国,,
克里斯-布歇（Chris Boucher）,F（25号）,2.08米/6尺10,91公斤/200磅,1993-01-11,金州勇士,Oregon,,,7万美元,1年7.5万美元，2017年夏天签，2018年夏天到期，双向合同
乔丹-贝尔（Jordan Bell）,F（2号）,2.03米/6尺8,102公斤/225磅,1995-01-07,金州勇士,俄勒冈大学,2017年第2轮第8顺位,美国,82万美元,2年219万美元，2017年夏天签，2019年夏天到期
奎因-库克（Quinn Cook）,G（4号）,1.88米/6尺2,81公斤/179磅,1993-03-23,金州勇士,杜克大学,,美国,7万美元,1年7.5万美元，2017年10月签，2018年夏天到期，双向合同
帕特里克-麦考（Patrick McCaw）,G,2.01米/6尺7,84公斤/185磅,1995-10-25,金州勇士,内华达大学拉斯维加斯分校,2016年第2轮第8顺位,美国,91万美元,2年145万美元，2016年夏天签，2018年夏天到期
达米安-琼斯（Damian Jones）,C（15号）,2.13米/7尺0,111公斤/245磅,1995-06-30,金州勇士,范德堡大学,2016年第1轮第30顺位,美国,122万美元,4年598万美元，2016年夏天签，2020年夏天到期，2018-19赛季、2019-20赛季球队选项
肖恩-利文斯顿（Shaun Livingston）,G（34号）,2.01米/6尺7,87公斤/192磅,1985-09-11,金州勇士,,2004年第1轮第4顺位,美国,769万美元,3年2369万美元，2017年夏天签，2020年夏天到期，2019-20赛季200万美元保障，2019年6月30日之前不被裁则转为全额保障
安德烈-伊格达拉（Andre Iguodala）,G-F（9号）,1.98米/6尺6,98公斤/215磅,1984-01-28,金州勇士,亚利桑那大学,2004年第1轮第9顺位,美国,1481万美元,3年4800万美元，2017年夏天签，2020年夏天到期
克莱-汤普森（Klay Thompson）,G（11号）,2.01米/6尺7,98公斤/215磅,1990-02-08,金州勇士,华盛顿州立大学,2011年第1轮第11顺位,美国,1783万美元,4年6900万美元，2014年10月签，2015年夏天生效，2019年夏天到期
德雷蒙德-格林（Draymond Green）,F（23号）,2.01米/6尺7,104公斤/230磅,1990-03-04,金州勇士,密歇根州立大学,2012年第2轮第5顺位,美国,1640万美元,5年8200万美元，2015年夏天签，2020年夏天到期
斯蒂芬-库里（Stephen Curry）,G（30号）,1.91米/6尺3,86公斤/190磅,1988-03-14,金州勇士,戴维森学院,2009年第1轮第7顺位,美国,3468万美元,5年2.01亿美元，2017年夏天签，2022年夏天到期，15%交易保证金
亚卡尔-桑普森（JaKarr Sampson）,F-G（29号）,2.06米/6尺9,97公斤/214磅,1993-03-20,萨克拉门托国王,圣约翰大学,,美国,7万美元,1年7.5万美元，2017年夏天签，2018年夏天到期，双向合同
杰克-库利（Jack Cooley）,C-F（45号）,2.06米/6尺9,112公斤/246磅,1991-04-12,萨克拉门托国王,Notre Dame,,美国,7万美元,1年7.5万美元，2017年夏天签，2018年夏天到期，双向合同
弗兰克-梅森（Frank Mason）,G（10号）,1.83米/6尺0,86公斤/190磅,1994-04-03,萨克拉门托国王,堪萨斯大学,2017年第2轮第4顺位,美国,118万美元,3年418万美元，2017年夏天签，2020年夏天到期，2019-20赛季无保障，2019年10月15日之前不被裁则转为全额保障 
哈里-贾尔斯（Harry Giles III）,F-C（20号）,2.08米/6尺10,109公斤/240磅,1998-04-22,萨克拉门托国王,杜克大学,2017年第1轮第20顺位,美国,186万美元,4年1062万美元，2017年夏天签，2021年夏天到期，2019-20、2020-21赛季球队选项
威利-考利-斯坦（Willie Cauley-Stein）,C（00号）,2.13米/7尺0,109公斤/240磅,1993-08-18,萨克拉门托国王,肯塔基大学,2015年第1轮第6顺位,美国,370万美元,4年1535万美元，2015年夏天签，2019年夏天到期，2017-18赛季、2018-19赛季球队选项
达龙-福克斯（De'Aaron Fox）,G（5号）,1.91米/6尺3,79公斤/175磅,1997-12-20,萨克拉门托国王,肯塔基大学,2017年第1轮第5顺位,美国,461万美元,4年2457万美元，2017年夏天签，2021年夏天到期，2019-20、2020-21赛季球队选项
扎克-兰多夫（Zach Randolph）,F（50号）,2.06米/6尺9,118公斤/260磅,1981-07-16,萨克拉门托国王,密歇根州立大学,2001年第1轮第19顺位,美国,1231万美元,2年2400万美元，2017年夏天签，2019年夏天到期
斯卡尔-拉比西埃（Skal Labissiere）,F-C（7号）,2.11米/6尺11,102公斤/225磅,1996-03-18,萨克拉门托国王,肯塔基大学,2016年第1轮第28顺位,海地,124万美元,4年607万美元，2016年夏天签，2020年夏天到期，2018-19赛季、2019-20赛季球队选项
贾斯廷-杰克逊（Justin Jackson）,F-G（25号）,2.03米/6尺8,95公斤/210磅,1995-03-28,萨克拉门托国王,北卡罗莱纳大学,2017年第1轮第15顺位,美国,237万美元,4年1348万美元，2017年夏天签，2021年夏天到期，2019-20赛季、2020-21赛季球队选项
波格丹-波格丹诺维奇（Bogdan Bogdanovic）,G（8号）,1.98米/6尺6,93公斤/205磅,1992-08-18,萨克拉门托国王,,2014年第1轮第27顺位,塞尔维亚,947万美元,3年2700万美元，2017年夏天签，2020年夏天到期
巴迪-希尔德（Buddy Hield）,G（24号）,1.93米/6尺4,97公斤/214磅,1993-12-17,萨克拉门托国王,俄克拉荷马大学,2016年第1轮第6顺位,巴哈马,368万美元,4年1589万美元，2016年夏天签，2020年夏天到期，2018-19赛季、2019-20赛季球队选项
杰伦-布伦森（Jalen Brunson）,G（13号）,1.91米/6尺3,86公斤/190磅,1996-08-31,达拉斯独行侠,维拉诺瓦大学,2018年第2轮第3顺位,美国,,
德安德烈-乔丹（DeAndre Jordan）,C,2.11米/6尺11,120公斤/265磅,1988-07-21,达拉斯独行侠,德克萨斯农工大学,2008年第2轮第5顺位,美国,,
Ryan Broekhoff
,F,2.01米/6尺7,98公斤/215磅,1990-08-23,达拉斯独行侠,,,,,
雷-斯波尔丁（Ray Spalding）,F,2.08米/6尺10,98公斤/215磅,1997-03-11,达拉斯独行侠,路易斯维尔大学,2018年第2轮第26顺位,美国,,
卢卡-东契奇（Luka Doncic）,G（77号）,2.03米/6尺8,103公斤/228磅,1999-02-28,达拉斯独行侠,,2018年第1轮第3顺位,斯洛文尼亚,,
乔纳森-莫特利（Johnathan Motley）,F（6号）,2.08米/6尺10,104公斤/230磅,1995-05-04,达拉斯独行侠,贝勒大学,,美国,7万美元,1年7.5万美元，2017年夏天签，2018年夏天到期，双向合同
凯尔-科林斯沃思（Kyle Collinsworth）,G（8号）,1.98米/6尺6,98公斤/215磅,1991-10-03,达拉斯独行侠,杨百翰大学,,美国,29万美元,29万美元，2018年2月签，2018年夏天到期
马克西-克勒贝尔（Maxi Kleber）,F（42号）,2.11米/6尺11,100公斤/220磅,1992-01-29,达拉斯独行侠,,,,82万美元,2年219万美元，2017年夏天签，2019年夏天到期，2018-19赛季球队选项/无保障， 2017年7月15日之前不被裁则转为全额保障
多里安-芬尼-史密斯（Dorian Finney-Smith）,F（10号）,2.03米/6尺8,100公斤/220磅,1993-05-04,达拉斯独行侠,佛罗里达大学,,美国,91万美元,3年250万美元，2016年夏天签，2019年夏天到期
杰伦-琼斯（Jalen Jones）,G-F（21号）,2.01米/6尺7,100公斤/220磅,1993-05-27,达拉斯独行侠,德克萨斯农工大学,,美国,7万美元,1年7.5万美元，2017年夏天签，2018年夏天到期，双向合同
萨拉赫-梅杰里（Salah Mejri）,C（50号）,2.18米/7尺2,111公斤/245磅,1986-06-15,达拉斯独行侠,,,突尼斯,147万美元,3年287万美元，2015年夏天签，2018年夏天到期，2015-2016赛季无保障（已转为全额保障），2017-2018赛季无保障,2017年7月21日之前不被裁则转为全额保障（已转为全额保障）
约吉-费雷尔（Yogi Ferrell）,G（11号）,1.83米/6尺0,82公斤/180磅,1993-05-09,达拉斯独行侠,印第安纳大学,,美国,131万美元,2年152万美元，2017年2月签，2018年夏天到期，2017-18赛季球队选项（已执行）
丹尼斯-史密斯（Dennis Smith Jr.）,G（1号）,1.91米/6尺3,88公斤/195磅,1997-11-25,达拉斯独行侠,北卡罗来纳州立大学,2017年第1轮第9顺位,美国,322万美元,4年1719万美元，2017年夏天签，2021年夏天到期，2019-20、2020-21赛季球队选项
阿龙-哈里森（Aaron Harrison）,G（9号）,1.98米/6尺6,95公斤/210磅,1994-10-28,达拉斯独行侠,肯塔基大学,,美国,8万美元,10天8.3万美元，3月22日签，4月2日到期
何塞-巴里亚（J.J. Barea）,G（5号）,1.83米/6尺0,84公斤/185磅,1984-06-26,达拉斯独行侠,东北大学,,波多黎各,390万美元,4年1600万美元，2015年夏天签，2019年夏天到期
德怀特-鲍威尔（Dwight Powell）,F-C（7号）,2.11米/6尺11,109公斤/240磅,1991-07-20,达拉斯独行侠,斯坦福大学,2014年第2轮第15顺位,加拿大,894万美元,4年3700万美元，2016年夏天签，2020年夏天到期，2019-20赛季球员选项
韦斯利-马修斯（Wesley Matthews）,G-F（23号）,1.96米/6尺5,100公斤/220磅,1986-10-14,达拉斯独行侠,马奎特大学,,美国,1788万美元,4年7006万美元，2015年夏天签，2019年夏天到期，2018-19赛季球员选项（已决定执行）
伊万-拉布（Ivan Rabb）,F（10号）,2.08米/6尺10,100公斤/220磅,1997-02-04,孟菲斯灰熊,加州大学伯克利分校,2017年第2轮第5顺位,美国,95万美元,3年395万美元，2017年夏天签，2020年夏天到期，2019-20赛季球队选项
德扬泰-戴维斯（Deyonta Davis）,C-F（21号）,2.08米/6尺10,109公斤/240磅,1996-12-02,孟菲斯灰熊,密歇根州立大学,2016年第2轮第1顺位,美国,131万美元,3年422万美元，2016年夏天签，2019年夏天到期
韦恩-塞尔登（Wayne Selden）,G-F（7号）,1.96米/6尺5,104公斤/230磅,1994-09-30,孟菲斯灰熊,堪萨斯大学,,美国,131万美元,2年286万美元，2017年夏天签，2019年夏天到期，2018-19赛季无保障 
哈里森-巴恩斯（Harrison Barnes）,F（40号）,2.03米/6尺8,102公斤/225磅,1992-05-30,达拉斯独行侠,北卡罗莱纳大学,2012年第1轮第7顺位,美国,2311万美元,4年9400万美元，2016年夏天签，2020年夏天到期，2019-20赛季球员选项
科比-西蒙斯（Kobi Simmons）,G（2号）,1.96米/6尺5,79公斤/175磅,1997-07-04,孟菲斯灰熊,亚利桑那大学,,美国,7万美元,1年7.5万美元，2017年夏天签，2018年夏天到期，双向合同
迈克-亨利（Myke Henry）,F-G（4号）,1.98米/6尺6,108公斤/238磅,1992-12-23,孟菲斯灰熊,DePaul,,美国,7万美元,1年7.5万美元，2017年夏天签，2018年夏天到期
马尚-布鲁克斯（MarShon Brooks）,G（8号）,1.96米/6尺5,91公斤/200磅,1989-01-26,孟菲斯灰熊,普罗维登斯学院,2011年第1轮第25顺位,美国,8万美元,10天8.6万美元，3月28日签，4月8日到期
狄龙-布鲁克斯（Dillon Brooks）,F-G（24号）,1.98米/6尺6,102公斤/225磅,1996-01-22,孟菲斯灰熊,俄勒冈大学,2017年第2轮第15顺位,加拿大,82万美元,3年381万美元，2017年夏天签，2020年夏天到期，2019-20赛季无保障，2019年7月5日之前不被裁则转为全额保障 
贾雷尔-马丁（Jarell Martin）,F（1号）,2.08米/6尺10,108公斤/239磅,1994-05-24,孟菲斯灰熊,路易斯安那州立大学,2015年第1轮第25顺位,美国,134万美元,4年627万美元，2015年夏天签，2019年夏天到期，2017-18赛季、2018-19赛季球队选项
安德鲁-哈里森（Andrew Harrison）,G（5号）,1.98米/6尺6,97公斤/213磅,1994-10-28,孟菲斯灰熊,肯塔基大学,2015年第2轮第14顺位,美国,131万美元,3年300万，2016年夏天签，2019年夏天到期，2018-19赛季10万美元保障
凯尔-安德森（Kyle Anderson）,F-G,2.06米/6尺9,104公斤/230磅,1993-09-20,孟菲斯灰熊,加州大学洛杉矶分校,2014年第1轮第30顺位,美国,215万美元,4年558万美元，2014年夏天签，2018年夏天到期，2016-17赛季、2017-18赛季球队选项
杰迈克尔-格林（JaMychal Green）,F,2.06米/6尺9,103公斤/227磅,1990-06-21,孟菲斯灰熊,阿拉巴马大学,,美国,853万美元,2年1640万美元，2017年夏天签，2019年夏天到期
马克-加索尔（Marc Gasol）,C（33号）,2.16米/7尺1,116公斤/255磅,1985-01-29,孟菲斯灰熊,,2007年第2轮第18顺位,西班牙,2264万美元,5年1.13亿美元，2015年夏天签，2020年夏天到期，2019-20赛季球员选项
钱德勒-帕森斯（Chandler Parsons）,F（25号）,2.08米/6尺10,104公斤/230磅,1988-10-25,孟菲斯灰熊,佛罗里达大学,2011年第2轮第8顺位,美国,2311万美元,4年9444万美元，2016年夏天签，2020年夏天到期
迈克-康利（Mike Conley）,G（11号）,1.85米/6尺1,79公斤/175磅,1987-10-11,孟菲斯灰熊,俄亥俄州立大学,2007年第1轮第4顺位,美国,2853万美元,5年1.53亿美元，2016年夏天签，2021年夏天到期
本-麦克勒摩（Ben McLemore）,G（23号）,1.96米/6尺5,88公斤/195磅,1993-02-11,孟菲斯灰熊,堪萨斯大学,2013年第1轮第7顺位,美国,520万美元,2年1066万美元，2017年夏天签，2019年夏天到期
乔治-金（George King）,F-G,1.98米/6尺6,100公斤/220磅,1994-01-15,菲尼克斯太阳,科罗拉多大学,2018年第2轮第29顺位,美国,,
米卡尔-布里奇斯（Mikal Bridges）,G-F,2.01米/6尺7,95公斤/209磅,1996-08-30,菲尼克斯太阳,维拉诺瓦大学,2018年第1轮第10顺位,美国,,
亚历克-彼得斯（Alec Peters）,F（25号）,2.03米/6尺8,107公斤/235磅,1995-04-13,菲尼克斯太阳,瓦尔帕莱索大学,2017年第2轮第24顺位,美国,7万美元,1年7.5万美元，2017年夏天签，2018年夏天到期，双向合同

埃利-奥科博（Elie Okobo）,G,1.88米/6尺2,82公斤/180磅,1997-10-23,菲尼克斯太阳,,2018年第2轮第1顺位,法国,,
丹纽尔-豪斯（Danuel House）,F-G（23号）,2.01米/6尺7,98公斤/215磅,1993-06-07,菲尼克斯太阳,德克萨斯农工大学,,美国,7万美元,1年7.5万美元，2017年12月签，2018年夏天到期，双向合同
德安德烈-艾顿（Deandre Ayton）,F（22号）,2.16米/7尺1,118公斤/260磅,1998-07-23,菲尼克斯太阳,亚利桑那大学,2018年第1轮第1顺位,巴哈马,,
沙奎尔-哈里森（Shaquille Harrison）,G（10号）,1.91米/6尺3,86公斤/189磅,1993-10-06,菲尼克斯太阳,Tulsa,,美国,,
特雷沃-阿里扎（Trevor Ariza）,F-G,2.03米/6尺8,98公斤/215磅,1985-06-30,菲尼克斯太阳,加州大学洛杉矶分校,2004年第2轮第14顺位,美国,,
达文-里德（Davon Reed）,G-F（32号）,1.98米/6尺6,100公斤/220磅,1995-06-11,菲尼克斯太阳,佛罗里达迈阿密大学,2017年第2轮第2顺位,美国,82万美元,4年557万美元，2017年夏天签，2021年夏天到期，2018-19赛季69万美元保障，2018年6月30日之前不被裁则转为全额保障，2019-20赛季无保障，2019年7月10日之前不被裁则转为全
德文-布克（Devin Booker）,G（1号）,1.98米/6尺6,93公斤/206磅,1996-10-30,菲尼克斯太阳,肯塔基大学,2015年第1轮第13顺位,美国,232万美元,4年999万美元，2015年夏天签，2019年夏天到期，2017-18赛季、2018-19赛季球队选项
马基斯-克里斯（Marquese Chriss）,F,2.08米/6尺10,106公斤/233磅,1997-07-02,菲尼克斯太阳,华盛顿大学,2016年第1轮第8顺位,美国,307万美元,4年1330万美元，2016年夏天签，2020年夏天到期，2018-19赛季、2019-20赛季球队选项
TJ-沃伦（TJ Warren）,F（12号）,2.03米/6尺8,102公斤/225磅,1993-09-05,菲尼克斯太阳,北卡罗来纳州立大学,2014年第1轮第14顺位,美国,315万美元,4年972万美元，2014年夏天签，2018年夏天到期，2016-17赛季、2017-18赛季球队选项（已执行），2017年9月以4年4700万美元提前续约，2018年夏天生效，2022年夏天到期
特洛伊-丹尼尔斯（Troy Daniels）,G（30号）,1.93米/6尺4,93公斤/205磅,1991-07-15,菲尼克斯太阳,弗吉尼亚联邦大学,,美国,333万美元,3年1000万美元，2016年夏天签，2019年夏天到期
德拉甘-本德尔（Dragan Bender）,F（35号）,2.16米/7尺1,102公斤/225磅,1997-11-17,菲尼克斯太阳,,2016年第1轮第4顺位,克罗地亚,447万美元,4年1930万美元，2016年夏天签，2020年夏天到期，2018-19赛季、2019-20赛季球队选项
约什-杰克逊（Josh Jackson）,F-G（20号）,2.03米/6尺8,93公斤/205磅,1997-02-10,菲尼克斯太阳,堪萨斯大学,2017年第1轮第4顺位,美国,509万美元,4年2712万美元，2017年夏天签，2021年夏天到期，2019-20、2020-21赛季球队选项
贾里德-杜德利（Jared Dudley）,F（3号）,2.01米/6尺7,102公斤/225磅,1985-07-10,菲尼克斯太阳,波士顿学院,2007年第1轮第22顺位,美国,1000万美元,3年3000万美元，2016年夏天签，2019年夏天到期
布兰登-奈特（Brandon Knight）,G（11号）,1.91米/6尺3,88公斤/195磅,1991-12-02,菲尼克斯太阳,肯塔基大学,2011年第1轮第8顺位,美国,1362万美元,5年7000万美元，2015年夏天签，2020年夏天到期
阿方索-麦金尼（Alfonzo McKinnie）,F（34号）,2.03米/6尺8,98公斤/215磅,1992-09-17,多伦多猛龙,Green Bay,,,82万美元,2年219万美元，2017年夏天签，2019年夏天到期，2017-18赛季10万美元保障，2018-19赛季无保障，2018年7月20 日之前不被裁则转为全额保障
帕斯卡尔-西亚卡姆（Pascal Siakam）,F（43号）,2.06米/6尺9,104公斤/230磅,1994-04-02,多伦多猛龙,New Mexico State,2016年第1轮第27顺位,喀麦隆,125万美元,4年610万美元，2016年夏天签，2020年夏天到期，2018-19赛季、2019-20赛季球队选项
泰森-钱德勒（Tyson Chandler）,C（4号）,2.16米/7尺1,109公斤/240磅,1982-10-02,菲尼克斯太阳,,2001年第1轮第2顺位,美国,1300万美元,4年5200万美元，2015年夏天签，2019年夏天到期
弗雷德-范弗利特（Fred VanVleet）,G（23号）,1.83米/6尺0,88公斤/195磅,1994-02-25,多伦多猛龙,威奇塔州立大学,,美国,131万美元,2年186万美元，2016年夏天签，2018年夏天到期，2016-17赛季5万美元保障，2017-18赛季无保障，2017年7月20 日之前不被裁则转为全额保障（已转为全额保障）
马拉奇-理查德森（Malachi Richardson）,G（22号）,1.98米/6尺6,93公斤/205磅,1996-01-05,多伦多猛龙,雪城大学,2016年第1轮第22顺位,美国,150万美元,4年710万美元，2016年夏天签，2020年夏天到期，2018-19赛季、2019-20赛季球队选项
OG-阿奴诺比（OG Anunoby）,F（3号）,2.03米/6尺8,107公斤/235磅,1997-07-17,多伦多猛龙,印第安纳大学,2017年第1轮第23顺位,英国,165万美元,4年975万美元，2017年夏天签，2021年夏天到期，2019-20、2020-21赛季球队选项
诺曼-鲍威尔（Norman Powell）,F-G（24号）,1.93米/6尺4,98公斤/215磅,1993-05-25,多伦多猛龙,加州大学洛杉矶分校,2015年第2轮第16顺位,美国,147万美元,3年254万美元，2015年夏天签，2018年夏天到期，2017-18赛季无保障,2017年6月29日之前没被裁则转为全额保障（已转为全额保障）；2017年10月以4年4200万美元续约，2018年夏
德朗-赖特（Delon Wright）,G（55号）,1.96米/6尺5,86公斤/190磅,1992-04-26,多伦多猛龙,犹他大学,2015年第1轮第20顺位,美国,165万美元,4年727万美元，2015年夏天签，2019年夏天到期，2017-18赛季、2018-19赛季球队选项
雅各布-珀尔特尔（Jakob Poeltl）,C-F（42号）,2.13米/7尺0,104公斤/230磅,1995-10-15,多伦多猛龙,犹他大学,2016年第1轮第9顺位,奥地利,283万美元,4年1223万美元，2016年夏天签，2020年夏天到期，2018-19赛季、2019-20赛季球队选项
卢卡斯-诺盖拉（Lucas Nogueira）,C（92号）,2.13米/7尺0,100公斤/220磅,1992-07-26,多伦多猛龙,,2013年第1轮第16顺位,巴西,295万美元,4年847万，2014年夏天签，2018年夏天到期，2016-17赛季、2017-18赛季球队选项
CJ-迈尔斯（CJ Miles）,F-G,1.98米/6尺6,102公斤/225磅,1987-03-18,多伦多猛龙,,2005年第2轮第4顺位,美国,794万美元,3年2500万美元，2017年夏天签，2020年夏天到期，2019-2020赛季球员选项
约纳斯-瓦兰丘纳斯（Jonas Valanciunas）,C（17号）,2.13米/7尺0,116公斤/255磅,1992-05-06,多伦多猛龙,,2011年第1轮第5顺位,立陶宛,1546万美元,4年6400万美元，2016年夏天签，2020年夏天到期，2019-20赛季球员选项
凯尔-洛瑞（Kyle Lowry）,G（7号）,1.83米/6尺0,93公斤/205磅,1986-03-25,多伦多猛龙,维拉诺瓦大学,2006年第1轮第24顺位,美国,2870万美元,3年1亿美元，2017年夏天签，2020年夏天到期，7百万美元不易达到的激励奖金
赛尔吉-伊巴卡（Serge Ibaka）,F（9号）,2.08米/6尺10,107公斤/235磅,1989-09-18,多伦多猛龙,,2008年第1轮第24顺位,刚果（布）/西班牙,2006万美元,3年6500万美元，2017年夏天签，2020年夏天到期
德马尔-德罗赞（DeMar DeRozan）,G（10号）,2.01米/6尺7,100公斤/220磅,1989-08-07,多伦多猛龙,南加利福尼亚大学,2009年第1轮第9顺位,美国,2774万美元,5年1.38亿美元，2016年夏天签，2021年夏天到期
Deonte Burton
,G-F,1.96米/6尺5,113公斤/250磅,1994-01-31,俄克拉荷马城雷霆,Iowa State,,,,
雷蒙德-费尔顿（Raymond Felton）,G,1.85米/6尺1,93公斤/205磅,1984-06-26,俄克拉荷马城雷霆,北卡罗莱纳大学,2005年第1轮第5顺位,美国,,
PJ-多齐尔（PJ Dozier）,G（35号）,1.98米/6尺6,93公斤/205磅,1996-10-25,俄克拉荷马城雷霆,南卡罗莱纳大学,,美国,7万美元,1年7.5万美元，2017年10月签，2018年夏天到期，双向合同
凯文-赫维（Kevin Hervey）,F,2.06米/6尺9,104公斤/230磅,1996-07-09,俄克拉荷马城雷霆,德州大学阿灵顿分校,2018年第2轮第27顺位,美国,,
达卡里-约翰逊（Dakari Johnson）,C（44号）,2.13米/7尺0,116公斤/255磅,1995-09-22,俄克拉荷马城雷霆,肯塔基大学,2015年第2轮第18顺位,美国,82万美元,2年219万美元，2017年夏天签，2019年夏天到期
特伦斯-弗格森（Terrance Ferguson）,G（23号）,2.01米/6尺7,84公斤/185磅,1998-05-17,俄克拉荷马城雷霆,,2017年第1轮第21顺位,美国,179万美元,4年1032万美元，2017年夏天签，2021年夏天到期，2019-2020、2020-2021赛季球队选项
凯尔-辛格勒（Kyle Singler）,F（15号）,2.03米/6尺8,103公斤/228磅,1988-05-04,俄克拉荷马城雷霆,杜克大学,2011年第2轮第3顺位,美国,500万美元,5年2500万美元，2015年夏天签，2020年夏天到期，2019-20赛季球队选项
杰拉米-格兰特（Jerami Grant）,F,2.06米/6尺9,95公斤/210磅,1994-03-12,俄克拉荷马城雷霆,雪城大学,2014年第2轮第9顺位,美国,,
帕特里克-帕特森（Patrick Patterson）,F（54号）,2.06米/6尺9,107公斤/235磅,1989-03-14,俄克拉荷马城雷霆,肯塔基大学,2010年第1轮第14顺位,美国,519万美元,3年1635万美元，2017年夏天签，2020年夏天到期，2019-2020赛季球员选项
亚历克斯-阿夫里内斯（Alex Abrines）,G-F（8号）,1.98米/6尺6,86公斤/190磅,1993-08-01,俄克拉荷马城雷霆,,2013年第2轮第2顺位,西班牙,573万美元,3年1717万美元，2016年夏天签，2019年夏天到期
安德烈-罗伯森（Andre Roberson）,G-F（21号）,2.01米/6尺7,95公斤/210磅,1991-12-04,俄克拉荷马城雷霆,科罗拉多大学,2013年第1轮第26顺位,美国,926万美元,3年3000万美元，2017年夏天签，2020年夏天到期
保罗-乔治（Paul George）,F（13号）,2.06米/6尺9,100公斤/220磅,1990-05-02,俄克拉荷马城雷霆,加利福尼亚州立大学弗雷斯诺分校,2010年第1轮第10顺位,美国,1951万美元,5年9163万美元，2013年夏天签，2014年夏天生效，2019年夏天到期，2018-19赛季球员选项
史蒂文-亚当斯（Steven Adams）,C（12号）,2.13米/7尺0,116公斤/255磅,1993-07-20,俄克拉荷马城雷霆,匹兹堡大学,2013年第1轮第12顺位,新西兰,2247万美元,4年969万美元，2013年夏天签，2017年夏天到期，2016年10月以4年1亿美元提前续约，2017年夏天生效，2021年到期
卡梅罗-安东尼（Carmelo Anthony）,F（7号）,2.03米/6尺8,109公斤/240磅,1984-05-29,俄克拉荷马城雷霆,雪城大学,2003年第1轮第3顺位,美国,2624万美元,5年1.24亿美元，2014年夏天签，2019年夏天到期，2018夏提前终止合同选项；拥有交易否决权；合同包含15%交易保证金
拉塞尔-威斯布鲁克（Russell Westbrook）,G,1.91米/6尺3,91公斤/200磅,1988-11-12,俄克拉荷马城雷霆,加州大学洛杉矶分校,2008年第1轮第4顺位,美国,2853万美元,5年8000万美元，2012年1月签，2012年夏天生效，2017年夏天到期；2016年夏天以3年8600万美元重新续约；2017年9月以5年2.05亿美元提前续约，2018年夏天生效，2023年夏天
乔治斯-帕帕扬尼斯（Georgios Papagiannis）,C（19号）,2.16米/7尺1,109公斤/240磅,1997-07-03,波特兰开拓者,,2016年第1轮第13顺位,希腊,7万美元,10天7.4万美元，3月9日签，3月19日到期
韦德-鲍德温（Wade Baldwin IV）,G（2号）,1.93米/6尺4,92公斤/202磅,1996-03-29,波特兰开拓者,范德堡大学,2016年第1轮第17顺位,美国,7万美元,1年7.5万美元，2017年10月签，2018年夏天到期，双向合同
CJ-威尔考克斯（CJ Wilcox）,G（23号）,1.96米/6尺5,88公斤/195磅,1990-12-30,波特兰开拓者,华盛顿大学,2014年第1轮第28顺位,美国,7万美元,1年7.5万美元，2017年夏天签，2018年夏天到期，双向合同

杰克-莱曼（Jake Layman）,F（10号）,2.06米/6尺9,95公斤/210磅,1994-03-07,波特兰开拓者,马里兰大学,2016年第2轮第17顺位,美国,91万美元,3年256万美元，2016年夏天签，2019年夏天到期，2018-19赛季无保障
凯莱布-斯瓦尼根（Caleb Swanigan）,F-C（50号）,2.03米/6尺8,113公斤/250磅,1997-04-18,波特兰开拓者,普渡大学,2017年第1轮第26顺位,美国,147万美元,4年890万美元，2017年夏天签，2021年夏天到期，2019-20、2020-21赛季球队选项
沙巴兹-内皮尔（Shabazz Napier）,G（6号）,1.85米/6尺1,79公斤/175磅,1991-07-14,波特兰开拓者,康涅狄格大学,2014年第1轮第24顺位,美国,236万美元,4年624万，2014年夏天签，2018年夏天到期，2016-17、2017-18赛季球队选项
优素福-努尔基奇（Jusuf Nurkic）,C（27号）,2.13米/7尺0,127公斤/280磅,1994-08-23,波特兰开拓者,,2014年第1轮第16顺位,波黑,295万美元,4年847万美元，2014年夏天签，2018年夏天到期，2016-17赛季、2017-18赛季球队选项
扎克-科林斯（Zach Collins）,C-F（33号）,2.13米/7尺0,104公斤/230磅,1997-11-19,波特兰开拓者,冈萨加大学,2017年第1轮第10顺位,美国,306万美元,4年1633万美元，2017年夏天签，2021年夏天到期，2019-20、2020-21赛季球队选项
尼克-斯陶斯卡斯（Nik Stauskas）,G,1.98米/6尺6,93公斤/205磅,1993-10-07,波特兰开拓者,密歇根大学,2014年第1轮第8顺位,加拿大,380万美元,4年1241万美元，2014年夏天签，2018年夏天到期，2016-17赛季、2017-18赛季球队选项
艾尔-法鲁克-阿米奴（Al-Farouq Aminu）,F（8号）,2.06米/6尺9,100公斤/220磅,1990-09-21,波特兰开拓者,维克森林大学,2010年第1轮第8顺位,美国/尼日利亚,732万美元,4年3000万美元，2015年夏天签，2019年夏天到期
莫里斯-哈克利斯（Maurice Harkless）,F（4号）,2.06米/6尺9,100公斤/220磅,1993-05-11,波特兰开拓者,圣约翰大学,2012年第1轮第15顺位,美国,966万美元,4年4200万，2016年夏天签，2020年夏天到期
迈耶斯-伦纳德（Meyers Leonard）,C-F（11号）,2.16米/7尺1,116公斤/255磅,1992-02-27,波特兰开拓者,伊利诺伊大学,2012年第1轮第11顺位,美国,990万美元,4年4100万美元，2016年夏天签，2020年夏天到期
埃文-特纳（Evan Turner）,G-F（1号）,2.01米/6尺7,100公斤/220磅,1988-10-27,波特兰开拓者,俄亥俄州立大学,2010年第1轮第2顺位,美国,1713万美元,4年7000万美元，2016年夏天签，2020年夏天到期
CJ-麦科勒姆（CJ McCollum）,G（3号）,1.91米/6尺3,86公斤/190磅,1991-09-19,波特兰开拓者,里海大学,2013年第1轮第10顺位,美国,2396万美元,4年1047万美元，2013年夏天签，2017年夏天到期；2016年夏天以4年1.07亿提前续约，2017年夏天生效，2021年夏天到期
达米安-利拉德（Damian Lillard）,G,1.91米/6尺3,88公斤/195磅,1990-07-15,波特兰开拓者,韦伯州立大学,2012年第1轮第6顺位,美国,2615万美元,5年1.4亿美元，2015年夏天签，2016年夏天生效，2021年夏天到期
约什-奥科吉（Josh Okogie）,G（20号）,1.93米/6尺4,97公斤/213磅,1998-09-01,明尼苏达森林狼,佐治亚理工学院,2018年第1轮第20顺位,尼日利亚,,
德里克-罗斯（Derrick Rose）,G,1.91米/6尺3,86公斤/190磅,1988-10-04,明尼苏达森林狼,孟菲斯大学,2008年第1轮第1顺位,美国,,
凯塔-贝茨-迪奥普（Keita Bates-Diop）,F（33号）,2.01米/6尺7,107公斤/235磅,1996-01-23,明尼苏达森林狼,俄亥俄州立大学,2018年第2轮第18顺位,美国,,
安东尼-托利弗（Anthony Tolliver）,F,2.03米/6尺8,109公斤/240磅,1985-06-01,明尼苏达森林狼,克雷顿大学,,美国,,
Jared Terrell
,G,1.91米/6尺3,98公斤/215磅,1995-02-10,明尼苏达森林狼,Rhode Island,,,,
阿米尔-杰弗森（Amile Jefferson）,F（10号）,2.06米/6尺9,102公斤/224磅,1993-05-07,明尼苏达森林狼,Duke,,美国,7万美元,1年7.5万美元，2018年1月签，2018年夏天到期，双向合同
安东尼-布朗（Anthony Brown）,F-G（3号）,2.01米/6尺7,102公斤/224磅,1992-10-10,明尼苏达森林狼,斯坦福大学,2015年第2轮第4顺位,美国,7万美元,1年7.5万美元，2017年夏天签，2018年夏天到期，双向合同
泰厄斯-琼斯（Tyus Jones）,G（1号）,1.88米/6尺2,88公斤/195磅,1996-05-10,明尼苏达森林狼,杜克大学,2015年第1轮第24顺位,美国,140万美元,4年646万美元，2015年夏天签，2019年夏天到期，2017-18赛季、2018-19赛季球队选项
贾斯廷-巴顿（Justin Patton）,C（24号）,2.13米/7尺0,104公斤/230磅,1997-06-14,明尼苏达森林狼,克雷顿大学,2017年第1轮第16顺位,美国,225万美元,4年1282万美元，2017年夏天签，2021年夏天到期，2019-2020、2020-2021赛季球队选项
卡尔-安东尼-唐斯（Karl-Anthony Towns）,C-F（32号）,2.13米/7尺0,111公斤/244磅,1995-11-15,明尼苏达森林狼,肯塔基大学,2015年第1轮第1顺位,美国/多米尼加,622万美元,4年2572万美元，2015年夏天签，2019年夏天到期，2017-18赛季、2018-19赛季球队选项
安德鲁-威金斯（Andrew Wiggins）,F-G（22号）,2.03米/6尺8,90公斤/199磅,1995-02-23,明尼苏达森林狼,堪萨斯大学,2014年第1轮第1顺位,加拿大,757万美元,4年2484万美元，2014年夏天签，2018年夏天到期，2016-17赛季、2017-18赛季球队选项；2017年10月以5年1.48亿美元提前续约，2018年夏天生效，2023年到期
泰-吉布森（Taj Gibson）,F（67号）,2.06米/6尺9,107公斤/236磅,1985-06-24,明尼苏达森林狼,南加利福尼亚大学,2009年第1轮第26顺位,美国,1400万美元,2年2800万美元，2017年夏天签，2019年夏天到期
戈尔吉-吉昂（Gorgui Dieng）,C-F（5号）,2.11米/6尺11,109公斤/240磅,1990-01-18,明尼苏达森林狼,路易斯维尔大学,2013年第1轮第21顺位,塞内加尔,1411万美元,4年658万美元，2013年夏天签，2016年10月以4年6400万美元提前续约，2017年夏天生效，2021年夏天到期
吉米-巴特勒（Jimmy Butler）,G-F（23号）,2.01米/6尺7,105公斤/231磅,1989-09-14,明尼苏达森林狼,马奎特大学,2011年第1轮第30顺位,美国,1755万美元,5年8774万美元，2015年夏天签，2020年夏天到期，2019-20赛季球员选项
杰夫-蒂格（Jeff Teague）,G,1.88米/6尺2,84公斤/186磅,1988-06-10,明尼苏达森林狼,维克森林大学,2009年第1轮第19顺位,美国,1900万美元,3年5700万美元，2017年夏天签，2020年夏天到期，2019-2020赛季球员选项
大卫-斯托克顿（David Stockton）,G（5号）,1.8米/5尺11,75公斤/165磅,1991-06-24,犹他爵士,冈萨加大学,,美国,,
格雷森-阿伦（Grayson Allen）,G（24号）,1.96米/6尺5,93公斤/205磅,1995-10-08,犹他爵士,杜克大学,2018年第1轮第21顺位,美国,,
德里克-费沃斯（Derrick Favors）,F-C,2.08米/6尺10,120公斤/265磅,1991-07-15,犹他爵士,乔治亚理工大学,2010年第1轮第3顺位,美国,,
埃里克-麦克里（Erik McCree）,F（21号）,2.03米/6尺8,102公斤/225磅,1993-12-20,犹他爵士,Louisiana Tech,,美国,7万美元,7.5万美元，2017年12月签，2018年夏天到期，双向合同
乔治-尼昂（Georges Niang）,F（30号）,2.03米/6尺8,104公斤/230磅,1993-06-17,犹他爵士,爱荷华州立大学,2016年第2轮第20顺位,美国,7万美元,7.5万美元，2018年1月签，2018年夏天到期，双向合同
罗伊斯-奥尼尔（Royce O'Neale）,F（23号）,1.98米/6尺6,102公斤/226磅,1993-06-05,犹他爵士,Baylor,,,82万美元,3年381万美元，2017年夏天签，2020年夏天到期，2018-19赛季、2019-20赛季无保障
劳尔-内托（Raul Neto）,G（25号）,1.85米/6尺1,81公斤/179磅,1992-05-19,犹他爵士,,2013年第2轮第17顺位,巴西,101万美元,3年273万美元，2015年夏天签，2018年夏天到期
托尼-布拉德利（Tony Bradley）,C（13号）,2.08米/6尺10,109公斤/240磅,1998-01-08,犹他爵士,北卡罗莱纳大学,2017年第1轮第28顺位,美国,141万美元,4年860万美元，2017年夏天签，2021年夏天到期，2019-20、2020-21赛季球队选项
多诺万-米切尔（Donovan Mitchell）,G（45号）,1.91米/6尺3,98公斤/215磅,1996-09-07,犹他爵士,路易斯维尔大学,2017年第1轮第13顺位,美国,262万美元,4年1456万美元，2017年夏天签，2021年夏天到期，2019-20、2020-21赛季球队选项
艾派-尤度（Ekpe Udoh）,C-F（33号）,2.08米/6尺10,111公斤/245磅,1987-05-20,犹他爵士,贝勒大学,2010年第1轮第6顺位,美国,320万美元,2年656万美元，2017年夏天签，2019年夏天到期，2018-19赛季无保障，2018年7月9日之前不被裁则转为全额保障
丹特-埃克萨姆（Dante Exum）,G（11号）,1.98米/6尺6,86公斤/190磅,1995-07-13,犹他爵士,,2014年第1轮第5顺位,澳大利亚,499万美元,4年1632万美元，2014年夏天签，2018年夏天到期，2016-17赛季、2017-18赛季球队选项
萨博-塞福洛沙（Thabo Sefolosha）,F（22号）,2.01米/6尺7,100公斤/220磅,1984-05-02,犹他爵士,,2006年第1轮第13顺位,瑞士,525万美元,2年1050万美元，2017年夏天签，2019年夏天到期， 2018-19赛季无保障，2018年7月1日之前不被裁则转为全额保障
Bradley Wanamaker
,G（9号）,1.93米/6尺4,95公斤/210磅,1989-07-25,波士顿凯尔特人,Pittsburgh,,,,
杰-克劳德（Jae Crowder）,F（99号）,1.98米/6尺6,107公斤/235磅,1990-07-06,犹他爵士,马奎特大学,2012年第2轮第4顺位,美国,680万美元,5年3500万美元，2015年夏天签，2020年夏天到期
亚历克-伯克斯（Alec Burks）,G（10号）,1.98米/6尺6,97公斤/214磅,1991-07-20,犹他爵士,科罗拉多大学,2011年第1轮第12顺位,美国,1085万美元,4年4100万美元，2014年10月签，2015年夏天生效，2019年夏天到期
里基-卢比奥（Ricky Rubio）,G（3号）,1.93米/6尺4,86公斤/190磅,1990-10-21,犹他爵士,,2009年第1轮第5顺位,西班牙,1410万美元,4年5500万美元，2014年10月签，2015年夏天生效，2019年夏天到期
乔-英格尔斯（Joe Ingles）,F（2号）,2.03米/6尺8,102公斤/226磅,1987-10-02,犹他爵士,,,澳大利亚,1414万美元,4年5200万美元，2017年夏天签，2021年夏天到期
鲁迪-戈贝尔（Rudy Gobert）,C（27号）,2.16米/7尺1,111公斤/245磅,1992-06-26,犹他爵士,,2013年第1轮第27顺位,法国,2122万美元,4年550万美元，2013年夏天签，2017年夏天到期，2016年10月以4年1.02亿美元续约，2017年夏天生效，2021年夏天到期，其中9400万美元受保障
罗伯特-威廉姆斯（Robert Williams）,C-F（44号）,2.06米/6尺9,107公斤/237磅,1997-10-17,波士顿凯尔特人,德州农机大学,2018年第1轮第27顺位,美国,,
阿隆-贝恩斯（Aron Baynes）,C-F,2.08米/6尺10,118公斤/260磅,1986-12-09,波士顿凯尔特人,华盛顿州立大学,,澳大利亚,,
乔纳森-吉布森（Jonathan Gibson）,G（60号）,1.88米/6尺2,84公斤/185磅,1987-11-08,波士顿凯尔特人,New Mexico State,,美国,4万美元,4.4万美元，2018年4月签，2018年夏天到期
贾巴里-伯德（Jabari Bird）,G（26号）,1.98米/6尺6,90公斤/198磅,1994-07-03,波士顿凯尔特人,加州大学伯克利分校,2017年第2轮第26顺位,美国,7万美元,1年7.5万美元，2017年夏天签，2018年夏天到期，双向合同
卡迪姆-阿伦（Kadeem Allen）,G（45号）,1.91米/6尺3,91公斤/200磅,1993-01-15,波士顿凯尔特人,亚利桑那大学,2017年第2轮第23顺位,美国,7万美元,1年7.5万美元，2017年夏天签，2018年夏天到期，双向合同
泽维尔-西拉斯（Xavier Silas）,G（9号）,1.96米/6尺5,93公斤/205磅,1988-01-22,波士顿凯尔特人,北伊利诺伊大学,,美国,7万美元,10天7.4万美元，3月29日签，4月9日到期
丹尼尔-泰斯（Daniel Theis）,F-C（27号）,2.06米/6尺9,110公斤/243磅,1992-04-04,波士顿凯尔特人,,,德国,82万美元,2年219万美元，2017年夏天签，2019年夏天到期
阿卜杜勒-纳迪尔（Abdel Nader）,F（28号）,1.98米/6尺6,104公斤/230磅,1993-09-25,波士顿凯尔特人,爱荷华州立大学,2016年第2轮第28顺位,埃及/美国,117万美元,4年592万美元，2017年夏天签，2021年夏天到期；2018-19赛季45万美元保障，2018年8月1日之前不被裁则转为全额保障，2019-20赛季无保障，2019年7月5日之前不被裁则转为全额保
谢米-奥杰莱（Semi Ojeleye）,F（37号）,2.01米/6尺7,107公斤/235磅,1994-12-05,波士顿凯尔特人,Southern Methodist,2017年第2轮第7顺位,美国,129万美元,4年604万美元，2017年夏天签，2021年夏天到期；2018-19赛季90万美元保障，2018年7月15日之前不被裁则转为全额保障，2019-20赛季无保障，2019年7月1日之前不被裁则转为全额
特里-罗齐尔（Terry Rozier）,G（12号）,1.88米/6尺2,86公斤/190磅,1994-03-17,波士顿凯尔特人,路易斯维尔大学,2015年第1轮第16顺位,美国,198万美元,4年877万美元，2015年夏天签，2019年夏天到期，2017-18赛季、2018-19赛季球队选项
马库斯-斯马特（Marcus Smart）,G（36号）,1.93米/6尺4,100公斤/220磅,1994-03-06,波士顿凯尔特人,俄克拉荷马州立大学,2014年第1轮第6顺位,美国,454万美元,4年1478万美元，2014年夏天签，2018年夏天到期，2017-18赛季球队选项
杰伦-布朗（Jaylen Brown）,G-F（7号）,2.01米/6尺7,102公斤/225磅,1996-10-24,波士顿凯尔特人,加州大学伯克利分校,2016年第1轮第3顺位,美国,496万美元,4年2140万美元，2016年夏天签，2020年夏天到期，2018-19赛季、2019-20赛季球队选项
盖尔雄-亚布塞莱（Guerschon Yabusele）,F（30号）,2.03米/6尺8,118公斤/260磅,1995-12-17,波士顿凯尔特人,,2016年第1轮第16顺位,法国,225万美元,4年1281万美元，2017年夏天签，2021年夏天到期，2019-20、2020-21赛季球队选项
马库斯-莫里斯（Marcus Morris）,F（13号）,2.06米/6尺9,107公斤/235磅,1989-09-02,波士顿凯尔特人,堪萨斯大学,2011年第1轮第14顺位,美国,500万美元,4年2000万美元，2014年9月签，2015年夏天生效，2019年夏天到期
杰森-塔特姆（Jayson Tatum）,F,2.03米/6尺8,93公斤/205磅,1998-03-03,波士顿凯尔特人,杜克大学,2017年第1轮第3顺位,美国,565万美元,4年3007万美元，2017年夏天签，2021年夏天到期，2019-20、2020-21赛季球队选项
艾尔-霍弗德（Al Horford）,F-C（42号）,2.08米/6尺10,111公斤/245磅,1986-06-03,波士顿凯尔特人,佛罗里达大学,2007年第1轮第3顺位,多米尼加,2773万美元,4年1.13亿美元，2016年夏天签，2020年夏天到期，2019-20赛季球员选项
戈登-海沃德（Gordon Hayward）,F（20号）,2.03米/6尺8,102公斤/226磅,1990-03-23,波士顿凯尔特人,巴特勒大学,2010年第1轮第9顺位,美国,2973万美元,4年1.28亿美元，2017年夏天签，2021年夏天到期，2020-21赛季球员选项，15%交易保证金
威尔-巴顿（Will Barton）,G-F,1.98米/6尺6,79公斤/175磅,1991-01-06,丹佛掘金,孟菲斯大学,2012年第2轮第10顺位,美国,,
蒙特-莫里斯（Monte Morris）,G（11号）,1.88米/6尺2,79公斤/175磅,1995-06-27,丹佛掘金,爱荷华州立大学,2017年第2轮第21顺位,美国,7万美元,1年7.5万美元，2017年夏天签，2018年夏天到期，双向合同
凯里-欧文（Kyrie Irving）,G（11号）,1.91米/6尺3,88公斤/193磅,1992-03-23,波士顿凯尔特人,杜克大学,2011年第1轮第1顺位,美国,1887万美元,5年9000万美元，2014年夏天签，2015年夏天生效，2020年夏天到期，2019-20赛季球员选项
托里-克雷格（Torrey Craig）,G-F（3号）,1.98米/6尺6,98公斤/215磅,1990-12-19,丹佛掘金,USC-Upstate,,,7万美元,1年7.5万美元，2017年夏天签，2018年夏天到期，双向合同
尼古拉-约基奇（Nikola Jokic）,C（15号）,2.08米/6尺10,113公斤/250磅,1995-02-19,丹佛掘金,,2014年第2轮第11顺位,塞尔维亚,142万美元,4年555万美元，2015年夏天签，2019年夏天到期，2018-19赛季球队选项
泰勒-莱登（Tyler Lydon）,F（20号）,2.06米/6尺9,100公斤/220磅,1996-04-09,丹佛掘金,雪城大学,2017年第1轮第24顺位,美国,158万美元,4年948万美元，2017年夏天签，2021年夏天到期，2019-20、2020-21赛季球队选项
马利克-比斯利（Malik Beasley）,G（25号）,1.96米/6尺5,89公斤/196磅,1996-11-26,丹佛掘金,佛罗里达州立大学,2016年第1轮第19顺位,美国,170万美元,4年783万美元，2016年夏天签，2020年夏天到期，2018-19赛季、2019-20赛季球队选项
胡安-埃尔南戈麦斯（Juancho Hernangomez）,F（41号）,2.06米/6尺9,104公斤/230磅,1995-09-28,丹佛掘金,,2016年第1轮第15顺位,西班牙,208万美元,4年955万美元，2016年夏天签，2020年夏天到期，2018-19赛季、2019-20赛季球队选项
特雷-莱尔斯（Trey Lyles）,F（7号）,2.08米/6尺10,106公斤/234磅,1995-11-05,丹佛掘金,肯塔基大学,2015年第1轮第12顺位,加拿大,244万美元,4年1039万美元，2015年夏天签，2019年夏天到期，2017-18赛季、2018-19赛季球队选项
加里-哈里斯（Gary Harris）,G（14号）,1.93米/6尺4,95公斤/210磅,1994-09-14,丹佛掘金,密歇根州立大学,2014年第1轮第19顺位,美国,255万美元,4年731万美元，2014年夏天签，2018年夏天到期，2016-17赛季、2017-18赛季球队选项（已执行），2017年10月以4年8400万美元提前续约，2018年夏天生效，2022年夏天到期，
贾马尔-默里（Jamal Murray）,G（27号）,1.93米/6尺4,94公斤/207磅,1997-02-23,丹佛掘金,肯塔基大学,2016年第1轮第7顺位,加拿大,336万美元,4年1451万美元，2016年夏天签，2020年夏天到期，2018-19赛季、2019-20赛季球队保障
达雷尔-亚瑟（Darrell Arthur）,F（00号）,2.06米/6尺9,107公斤/235磅,1988-03-25,丹佛掘金,堪萨斯大学,2008年第1轮第27顺位,美国,767万美元,3年2300万美元，2016年夏天签，2019年夏天到期
肯尼思-法里德（Kenneth Faried）,F（35号）,2.03米/6尺8,103公斤/228磅,1989-11-19,丹佛掘金,摩海德州立大学,2011年第1轮第22顺位,美国,1292万美元,4年5000万美元，2014年10月份签，2015年夏天生效，2019年夏天到期
梅森-普拉姆利（Mason Plumlee）,C-F（24号）,2.11米/6尺11,116公斤/255磅,1990-03-05,丹佛掘金,杜克大学,2013年第1轮第22顺位,美国,1404万美元,3年4100万美元，2017年夏天签，2020年夏天到期
JJ-雷迪克（JJ Redick）,G-F,1.93米/6尺4,86公斤/190磅,1984-06-24,费城76人,杜克大学,2006年第1轮第11顺位,美国,,
扎伊尔-史密斯（Zhaire Smith）,G（8号）,1.93米/6尺4,90公斤/199磅,1999-06-04,费城76人,德克萨斯理工大学,2018年第1轮第16顺位,美国,,
谢克-米尔顿（Shake Milton）,G,1.98米/6尺6,93公斤/205磅,1996-09-25,费城76人,南方卫理工会大学,2018年第2轮第24顺位,美国,,
保罗-米尔萨普（Paul Millsap）,F（4号）,2.03米/6尺8,112公斤/246磅,1985-02-10,丹佛掘金,路易斯安那理工大学,2006年第2轮第17顺位,美国,3127万美元,3年9150万美元，2017年夏天签，2020年夏天到期，2019-2020赛季球队选项
阿米尔-约翰逊（Amir Johnson）,F-C,2.06米/6尺9,109公斤/240磅,1987-05-01,费城76人,,2005年第2轮第26顺位,美国,,
内马尼亚-别利察（Nemanja Bjelica）,F,2.08米/6尺10,102公斤/225磅,1988-05-09,费城76人,,2010年第2轮第5顺位,塞尔维亚,,
迪米特里厄斯-杰克逊（Demetrius Jackson）,G（11号）,1.85米/6尺1,91公斤/201磅,1994-09-07,费城76人,Notre Dame,2016年第2轮第15顺位,美国,7万美元,1年7.5万美元，2017年夏天签，2018年夏天到期，双向合同

蒂莫泰-卢瓦乌-卡巴罗（Timothe Luwawu-Cabarrot）,G-F（7号）,1.98米/6尺6,93公斤/205磅,1995-05-09,费城76人,,2016年第1轮第24顺位,法国,139万美元,4年669万美元，2016年夏天签，2020年夏天到期，2018-19、2019-20赛季球队选项
贾斯廷-安德森（Justin Anderson）,G-F（1号）,1.98米/6尺6,103公斤/228磅,1993-11-19,费城76人,弗吉尼亚大学,2015年第1轮第21顺位,美国,158万美元,4年706万美元，2015年夏天签，2019年夏天到期，2017-18赛季、2018-19赛季球队选项
富尔坎-科尔克马兹（Furkan Korkmaz）,G-F（30号）,2.01米/6尺7,86公斤/190磅,1997-07-24,费城76人,,2016年第1轮第26顺位,土耳其,147万美元,4年866万美元，2017年夏天签，2021年夏天到期，2019-20、2020-21赛季球队选项
里乔恩-霍姆斯（Richaun Holmes）,F-C（22号）,2.08米/6尺10,111公斤/245磅,1993-10-15,费城76人,Bowling Green,2015年第2轮第7顺位,美国,147万美元,4年517万美元，2015年夏天签，2019年夏天到期，2017-18赛季无保障，2018年6月29日前球队选项 
达里奥-沙里奇（Dario Saric）,F（9号）,2.08米/6尺10,101公斤/223磅,1994-04-08,费城76人,,2014年第1轮第12顺位,克罗地亚,242万美元,4年1075万美元，2016年夏天签，2020年夏天到期，2018-19赛季、2019-20赛季球队选项
乔尔-恩比德（Joel Embiid）,C（21号）,2.13米/7尺0,113公斤/250磅,1994-03-16,费城76人,堪萨斯大学,2014年第1轮第3顺位,喀麦隆,610万美元,4年1998万美元，2014年夏天签，2018年夏天到期；2017年10月以5年1.48亿美元提前续约，2018年夏天生效，2023年夏天到期；
本-西蒙斯（Ben Simmons）,G-F（25号）,2.08米/6尺10,109公斤/240磅,1996-07-20,费城76人,路易斯安那州立大学,2016年第1轮第1顺位,澳大利亚,617万美元,4年2662万美元，2016年夏天签，2020年夏天到期，2018-19赛季、2019-20赛季球队选项
TJ-麦康奈尔（T.J. McConnell）,G（12号）,1.88米/6尺2,91公斤/200磅,1992-03-25,费城76人,亚利桑那大学,,美国,147万美元,4年447万美元，2015年夏天签，2019年夏天到期；2015-16赛季10万美元保障（已转为全额保障），2017-2018赛季无保障，2018-2019赛季球队选项
马克尔-富尔茨（Markelle Fultz）,G（20号）,1.93米/6尺4,86公斤/190磅,1998-05-29,费城76人,华盛顿大学,2017年第1轮第1顺位,美国,703万美元,4年3740万美元，2017年夏天签，2021年夏天到期，2019-20、2020-21赛季球队选项
威尔森-钱德勒（Wilson Chandler）,F,2.03米/6尺8,102公斤/225磅,1987-05-10,费城76人,德保罗大学,2007年第1轮第23顺位,美国,1202万美元,4年4650万美元，2015年夏天签，2019年夏天到期
罗伯特-科温顿（Robert Covington）,F（33号）,2.06米/6尺9,98公斤/215磅,1990-12-14,费城76人,田纳西州立大学,,美国,1670万美元,5年6160万美元，2017年11月签，2017年11月生效，2022年夏天到期，新合同包含将2017-18赛季薪金从157万美元提升至1670万美元
杰里-贝勒斯（Jerryd Bayless）,G,1.91米/6尺3,91公斤/200磅,1988-08-20,费城76人,亚利桑那大学,2008年第1轮第11顺位,美国,900万美元,3年2700万美元，2016年夏天签，2019年夏天到期
Allonzo Trier
,G,1.96米/6尺5,93公斤/205磅,1996-01-17,纽约尼克斯,Arizona,,,,
米切尔-罗宾逊（Mitchell Robinson）,C（26号）,2.13米/7尺0,101公斤/223磅,1998-04-01,纽约尼克斯,,2018年第2轮第6顺位,美国,,
凯文-诺克斯（Kevin Knox）,F（20号）,2.06米/6尺9,98公斤/215磅,1999-08-11,纽约尼克斯,肯塔基大学,2018年第1轮第9顺位,美国,,
以赛亚-希克斯（Isaiah Hicks）,F（4号）,2.06米/6尺9,110公斤/242磅,1994-07-24,纽约尼克斯,北卡罗莱纳大学,,美国,7万美元,1年7.5万美元，2017年10月签，2018年夏天到期，双向合同
特洛伊-威廉姆斯（Troy Williams）,F,2.01米/6尺7,95公斤/210磅,1994-12-30,纽约尼克斯,印第安纳大学,,美国,7万美元,10天7.4万美元，2月21日签，3月3日到期，10天合同
卢克-科内特（Luke Kornet）,F-C（2号）,2.16米/7尺1,113公斤/250磅,1995-07-15,纽约尼克斯,Vanderbilt,,,7万美元,1年7.5万美元，2017年夏天签，2018年夏天到期，双向合同
特雷-伯克（Trey Burke）,G（23号）,1.85米/6尺1,87公斤/191磅,1992-11-12,纽约尼克斯,密歇根大学,2013年第1轮第9顺位,美国,78万美元,78万美元，2018年1月签，2018年夏天到期
马里奥-海佐尼亚（Mario Hezonja）,G-F,2.03米/6尺8,99公斤/218磅,1995-02-25,纽约尼克斯,,2015年第1轮第5顺位,克罗地亚,,
伊曼纽尔-穆迪埃（Emmanuel Mudiay）,G（1号）,1.96米/6尺5,91公斤/200磅,1996-03-05,纽约尼克斯,,2015年第1轮第7顺位,刚果（金）/美国,338万美元,4年1420万美元，2015年夏天签，2019年夏天到期，2017-18赛季、2018-19赛季球队选项
罗恩-贝克（Ron Baker）,G（31号）,1.93米/6尺4,100公斤/220磅,1993-03-30,纽约尼克斯,威奇塔州立大学,,美国,433万美元,2年887万美元，2017年夏天签，2019年夏天到期，2018-2019赛季球员选项
丹伊恩-多特森（Damyean Dotson）,G-F（21号）,1.96米/6尺5,95公斤/210磅,1994-05-06,纽约尼克斯,休斯顿大学,2017年第2轮第14顺位,美国,82万美元,1年82万美元，2017年夏天签，2018年夏天到期
弗朗克-尼利基纳（Frank Ntilikina）,G（11号）,1.96米/6尺5,86公斤/190磅,1998-07-28,纽约尼克斯,,2017年第1轮第8顺位,法国/卢旺达,350万美元,4年1869万美元，2017年夏天签，2021年夏天到期，2019-20赛季、2020-21赛季球队选项
小蒂姆-哈达威（Tim Hardaway Jr.）,F-G（3号）,1.98米/6尺6,93公斤/205磅,1992-03-16,纽约尼克斯,密歇根大学,2013年第1轮第24顺位,美国,1650万美元,4年7095万美元，2017年夏天签，2021年夏天到期，15%交易保证金，2020-2021赛季球员选项
克里斯塔普斯-波尔津吉斯（Kristaps Porzingis）,F-C（6号）,2.21米/7尺3,109公斤/240磅,1995-08-02,纽约尼克斯,,2015年第1轮第4顺位,拉脱维亚,450万美元,4年1865万美元，2015年夏天签，2019年夏天到期，2017-18赛季、2018-19赛季球队选项
兰斯-托马斯（Lance Thomas）,F（42号）,2.03米/6尺8,107公斤/235磅,1988-04-24,纽约尼克斯,杜克大学,,美国,666万美元,4年2755万美元，2016年夏天签，2020年夏天到期，2019-20赛季无保障，2019年6月30日之前不被裁则转为100万美元保障，2020年1月20日之前不被裁则转为全额保障
考特尼-李（Courtney Lee）,G（5号）,1.96米/6尺5,91公斤/200磅,1985-10-03,纽约尼克斯,西肯塔基大学,2008年第1轮第22顺位,美国,1175万美元,4年4800万美元，2016年夏天签，2020年夏天到期
文森特-爱德华兹（Vincent Edwards）,F-G,2.03米/6尺8,102公斤/225磅,1996-04-05,休斯顿火箭,普渡大学,2018年第2轮第22顺位,美国,,
迈克尔-卡特-威廉姆斯（Michael Carter-Williams）,G,1.98米/6尺6,86公斤/190磅,1991-10-10,休斯顿火箭,雪城大学,2013年第1轮第11顺位,美国,,
杰拉德-格林（Gerald Green）,G-F,2.01米/6尺7,93公斤/205磅,1986-01-26,休斯顿火箭,,2005年第1轮第18顺位,美国,,
RJ-亨特（RJ Hunter）,G（2号）,1.98米/6尺6,84公斤/185磅,1993-10-24,休斯顿火箭,Georgia State,2015年第1轮第28顺位,美国,7万美元,双向合同，2018年1月签，2018年夏天到期
丹东尼-梅尔顿（De'Anthony Melton）,G,1.93米/6尺4,86公斤/190磅,1998-05-28,休斯顿火箭,南加利福尼亚大学,2018年第2轮第16顺位,美国,,
马克尔-布朗（Markel Brown）,G（26号）,1.91米/6尺3,86公斤/190磅,1992-01-29,休斯顿火箭,俄克拉荷马州立大学,2014年第2轮第14顺位,美国,7万美元,双向合同，2018年1月签，2018年夏天到期
周琦（Zhou Qi）,F-C（9号）,2.16米/7尺1,95公斤/210磅,1996-01-16,休斯顿火箭,,2016年第2轮第13顺位,中国,82万美元,4年557万美元，2017年夏天签，2021年夏天到期
齐纳努-欧努阿库（Chinanu Onuaku）,C-F（21号）,2.08米/6尺10,111公斤/245磅,1996-11-01,休斯顿火箭,路易斯维尔大学,2016年第2轮第7顺位,美国,131万美元,3年250万美元，2016年夏天签，2019年夏天到期
PJ-塔克（PJ Tucker）,F-G（4号）,1.98米/6尺6,111公斤/245磅,1985-05-05,休斯顿火箭,德克萨斯大学,2006年第2轮第5顺位,美国,759万美元,4年3188万美元，2017年夏天签，2021年夏天到期，2020-21赛季257万美元保障，2020年7月1日之前不被裁则转为全额保障
莱恩-安德森（Ryan Anderson）,F（33号）,2.08米/6尺10,109公斤/240磅,1988-05-06,休斯顿火箭,加州大学伯克利分校,2008年第1轮第21顺位,美国,1958万美元,4年8000万美元，2016年夏天签，2020年夏天到期。
贾斯廷-杰克逊（加拿大）（Justin Jackson）,F,2.01米/6尺7,102公斤/225磅,1997-02-18,奥兰多魔术,马里兰大学,2018年第2轮第13顺位,加拿大,,
克林特-卡佩拉（Clint Capela）,C（15号）,2.08米/6尺10,109公斤/240磅,1994-05-18,休斯顿火箭,,2014年第1轮第25顺位,瑞士,233万美元,4年606万美元，2014年夏天签，2018年夏天到期，2016-17赛季、2017-18赛季球队选项
内内（ Nene）,C-F（42号）,2.11米/6尺11,113公斤/250磅,1982-09-13,休斯顿火箭,,2002年第1轮第7顺位,巴西,348万美元,3年1095万美元，2017年夏天签，2020年夏天到期
埃里克-戈登（Eric Gordon）,G（10号）,1.93米/6尺4,98公斤/215磅,1988-12-25,休斯顿火箭,印第安纳大学,2008年第1轮第7顺位,美国,1294万美元,4年5289万美元，2016年夏天签，2020年夏天到期。
克里斯-保罗（Chris Paul）,G（3号）,1.83米/6尺0,79公斤/175磅,1985-05-06,休斯顿火箭,维克森林大学,2005年第1轮第4顺位,美国,2427万美元,5年1.07亿美元，2013年夏天签，2018年夏天到期，2017年夏天提前结束合同选项
詹姆斯-哈登（James Harden）,G（13号）,1.96米/6尺5,100公斤/220磅,1989-08-26,休斯顿火箭,亚利桑那州立大学,2009年第1轮第3顺位,美国,2830万美元,2016年夏天在旧合同期内以4年1.18亿美元提前续约至2020年，2017年夏天再次以4年1.7亿美元提前续约至2023年，2022-23赛季球员选项
罗德尼-珀维斯（Rodney Purvis）,G（15号）,1.93米/6尺4,93公斤/205磅,1994-02-14,奥兰多魔术,Connecticut,,美国,4万美元,2年合同，2018年3月签，2019年夏天到期，2018-19赛季无保障
肯-伯奇（Khem Birch）,C-F（24号）,2.06米/6尺9,100公斤/220磅,1992-09-28,奥兰多魔术,内华达大学拉斯维加斯分校,,加拿大,82万美元,2年219万美元，2017年夏天签，2019年夏天到期，2017-18赛季2.5万美元保障，常规赛开赛前不被裁则转为40.8万美元保障（已转为40.8万美元保障）；2018-19赛季无保障，2018年
梅尔文-弗雷泽（Melvin Frazier）,F-G,1.98米/6尺6,91公斤/201磅,1996-08-30,奥兰多魔术,杜兰大学,2018年第2轮第5顺位,美国,,
韦斯利-艾旺杜（Wes Iwundu）,F-G（25号）,2.01米/6尺7,93公斤/205磅,1994-12-20,奥兰多魔术,堪萨斯州立大学,2017年第2轮第3顺位,美国,105万美元,3年405万美元，2017年夏天签，2020年夏天到期，2019-20赛季球队选项
穆罕默德-班巴（Mohamed Bamba）,F（5号）,2.16米/7尺1,102公斤/225磅,1998-05-12,奥兰多魔术,德克萨斯大学,2018年第1轮第6顺位,美国,,
杰里安-格兰特（Jerian Grant）,G,1.93米/6尺4,90公斤/198磅,1992-10-09,奥兰多魔术,Notre Dame,2015年第1轮第19顺位,美国,171万美元,4年960万美元，2015年夏天签，2019年夏天到期，2017-18赛季、2018-19赛季球队选项
乔纳森-艾萨克（Jonathan Isaac）,F（1号）,2.08米/6尺10,95公斤/210磅,1997-10-03,奥兰多魔术,佛罗里达州立大学,2017年第1轮第6顺位,美国,417万美元,4年2232万美元，2017年夏天签，2021年夏天到期，2019-20、2020-21赛季球队选项
以赛亚-布里斯科（Isaiah Briscoe）,G,1.91米/6尺3,91公斤/200磅,1996-04-13,奥兰多魔术,Kentucky,,,,
阿龙-戈登（Aaron Gordon）,F（00号）,2.06米/6尺9,100公斤/220磅,1995-09-16,奥兰多魔术,亚利桑那大学,2014年第1轮第4顺位,美国,550万美元,4年1801万，2014年夏天签，2018年夏天到期，2016-17赛季、2017-18赛季球队选项
乔纳森-西蒙斯（Jonathon Simmons）,F-G（17号）,1.98米/6尺6,88公斤/195磅,1989-09-14,奥兰多魔术,休斯顿大学,,美国,630万美元,3年2000万美元，2017年夏天签，2020年夏天到期，2019-2020赛季100万美元保障
DJ-奥古斯丁（D.J. Augustin）,G（14号）,1.83米/6尺0,83公斤/183磅,1987-11-10,奥兰多魔术,德克萨斯大学,2008年第1轮第9顺位,美国,725万美元,4年2900万美元，2016年夏天签，2020年夏天到期
特伦斯-罗斯（Terrence Ross）,G-F（31号）,2.01米/6尺7,88公斤/195磅,1991-02-05,奥兰多魔术,华盛顿大学,2012年第1轮第8顺位,美国,1050万美元,3年3150万美元，2015年11月签，2016年夏天生效，2019年夏天到期
尼古拉-武切维奇（Nikola Vucevic）,C（9号）,2.13米/7尺0,118公斤/260磅,1990-10-24,奥兰多魔术,南加利福尼亚大学,2011年第1轮第16顺位,黑山,1225万美元,4年5300万美元，2015年夏天签，2019年夏天到期，400万不易达到的激励奖金
季莫费-莫兹戈夫（Timofey Mozgov）,C,2.16米/7尺1,125公斤/275磅,1986-07-16,奥兰多魔术,,,俄罗斯,1566万美元,4年6400万美元，2016年夏天签，2020年夏天到期
埃文-富尼耶（Evan Fournier）,F-G（10号）,2.01米/6尺7,93公斤/205磅,1992-10-29,奥兰多魔术,,2012年第1轮第20顺位,法国,1700万美元,5年8500万，2016年夏天签，2021年夏天到期，2020-21赛季球员选项
罗季翁斯-库鲁茨（Rodions Kurucs）,F,2.06米/6尺9,100公斤/220磅,1998-02-05,布鲁克林篮网,,2018年第2轮第10顺位,拉脱维亚,,
米尔顿-多伊尔（Milton Doyle）,G（14号）,1.93米/6尺4,83公斤/184磅,1993-10-31,布鲁克林篮网,Loyola (IL),,美国,7万美元,1年7.5万美元，2017年12月签，2018年夏天到期，双向合同
以赛亚-怀特黑德（Isaiah Whitehead）,G（15号）,1.93米/6尺4,97公斤/213磅,1995-03-08,布鲁克林篮网,塞顿霍尔大学,2016年第2轮第12顺位,美国,112万美元,4年459万美元，2016年夏天签，2020年夏天到期，2018-19赛季、2019-20赛季无保障
朗戴-霍利斯-杰弗森（Rondae Hollis-Jefferson）,F-G（24号）,2.01米/6尺7,97公斤/214磅,1995-01-03,布鲁克林篮网,亚利桑那大学,2015年第1轮第23顺位,美国,124万美元,4年666万美元，2015年夏天签，2019年夏天到期，2017-18赛季、2018-19赛季球队选项
扎南-穆萨（Dzanan Musa）,F,2.06米/6尺9,88公斤/195磅,1999-05-08,布鲁克林篮网,,2018年第1轮第29顺位,波黑,,
埃德-戴维斯（Ed Davis）,F-C,2.08米/6尺10,111公斤/245磅,1989-06-05,布鲁克林篮网,北卡罗莱纳大学,2010年第1轮第13顺位,美国,,
乔-哈里斯（Joe Harris）,G,1.98米/6尺6,99公斤/219磅,1991-09-06,布鲁克林篮网,弗吉尼亚大学,2014年第2轮第3顺位,美国,,
詹姆斯-韦布三世（James Webb III）,F,2.06米/6尺9,98公斤/215磅,1993-08-19,布鲁克林篮网,Boise State,,美国,7万美元,7.5万美元，2018年1月签，2018年夏天到期
斯潘塞-丁威迪（Spencer Dinwiddie）,G（8号）,1.98米/6尺6,91公斤/200磅,1993-04-06,布鲁克林篮网,科罗拉多大学,2014年第2轮第8顺位,美国,152万美元,3年290万美元，2016年夏天签，2019年夏天到期，2016-17赛季部分保障，2017-18赛季5万美元保障，2017年10月30日之前不被裁则转为25万美元保障，2018-19赛季无保障
林书豪（Jeremy Lin）,G（7号）,1.91米/6尺3,91公斤/200磅,1988-08-23,布鲁克林篮网,哈佛大学,,美国,1200万美元,3年3830万美元，2016年夏天签，2019年夏天到期，2018-19赛季球员选项，10%交易保证金，230万激励奖金
卡里斯-勒韦尔（Caris LeVert）,G-F（22号）,2.01米/6尺7,92公斤/203磅,1994-08-25,布鲁克林篮网,密歇根大学,2016年第1轮第20顺位,美国,163万美元,4年752万美元，2016年夏天签，2020年夏天到期，2018-19赛季、2019-20赛季球队选项
丹吉洛-拉塞尔（D'Angelo Russell）,G（1号）,1.96米/6尺5,88公斤/195磅,1996-02-23,布鲁克林篮网,俄亥俄州立大学,2015年第1轮第2顺位,美国,556万美元,4年2302万美元，2015年夏天签，2019年夏天到期，2017-18赛季、2018-19赛季球队选项
德马雷-卡罗尔（DeMarre Carroll）,F（9号）,2.03米/6尺8,96公斤/212磅,1986-07-27,布鲁克林篮网,密苏里大学,2009年第1轮第27顺位,美国,1480万美元,4年5807万美元，2015年夏天签，2019年夏天到期
拉里-德鲁二世（Larry Drew II）,G（1号）,1.88米/6尺2,82公斤/180磅,1990-03-05,新奥尔良鹈鹕,加州大学洛杉矶分校,,美国,,
贾莱特-阿伦（Jarrett Allen）,C-F（31号）,2.08米/6尺10,107公斤/235磅,1998-04-21,布鲁克林篮网,德克萨斯大学,2017年第1轮第22顺位,美国,171万美元,4年1003万美元，2017年夏天签，2021年夏天到期，2019-20、2020-21赛季球队选项
阿伦-克拉布（Allen Crabbe）,G-F（33号）,1.98米/6尺6,98公斤/215磅,1992-04-09,布鲁克林篮网,加州大学伯克利分校,2013年第2轮第1顺位,美国,1933万美元,4年7483万美元，2016年夏天签，2020年夏天到期，2019-20赛季球员选项
伊恩-克拉克（Ian Clark）,G,1.91米/6尺3,79公斤/175磅,1991-03-07,新奥尔良鹈鹕,贝尔蒙特大学,,美国,,
托尼-卡尔（Tony Carr）,G,1.96米/6尺5,91公斤/200磅,1997-10-11,新奥尔良鹈鹕,宾夕法尼亚州立大学,2018年第2轮第21顺位,美国,,
埃尔弗里德-佩顿（Elfrid Payton）,G,1.93米/6尺4,84公斤/185磅,1994-02-22,新奥尔良鹈鹕,路易斯安那大学拉法叶分校,2014年第1轮第10顺位,美国,,
朱利叶斯-兰德尔（Julius Randle）,F-C,2.06米/6尺9,113公斤/250磅,1994-11-29,新奥尔良鹈鹕,肯塔基大学,2014年第1轮第7顺位,美国,,
查尔斯-库克（Charles Cooke）,G-F（4号）,1.96米/6尺5,89公斤/196磅,1994-07-01,新奥尔良鹈鹕,Dayton,,,7万美元,1年7.5万美元，2017年夏天签，2018年夏天到期，双向合同
埃梅卡-奥卡福（Emeka Okafor）,C（50号）,2.08米/6尺10,116公斤/255磅,1982-09-28,新奥尔良鹈鹕,康涅狄格大学,2004年第1轮第2顺位,美国,59万美元,1年59万美元，2018年2月签，2018年夏天到期
德安德烈-利金斯（DeAndre Liggins）,G（34号）,1.98米/6尺6,95公斤/209磅,1988-03-31,新奥尔良鹈鹕,肯塔基大学,2011年第2轮第23顺位,美国,59万美元,2年238万美元，2018年2月签，2019年夏天到期，2018-19赛季无保障
弗兰克-杰克逊（Frank Jackson）,G（15号）,1.91米/6尺3,93公斤/205磅,1998-05-04,新奥尔良鹈鹕,杜克大学,2017年第2轮第1顺位,美国,82万美元,3年381万美元，2017年夏天签，2020年夏天到期，2019-20赛季50.6万美元保障
谢赫-迪亚洛（Cheick Diallo）,F（13号）,2.06米/6尺9,100公斤/220磅,1996-09-13,新奥尔良鹈鹕,堪萨斯大学,2016年第2轮第3顺位,马里,131万美元,3年250万美元，2016年夏天签，2019年夏天到期，2018-19赛季50万美元保障，常规赛开始前不被裁则转为全额保障
阿莱克西-阿金萨（Alexis Ajinca）,C（42号）,2.18米/7尺2,112公斤/248磅,1988-05-06,新奥尔良鹈鹕,,2008年第1轮第20顺位,法国,496万美元,4年2020万美元，2015年夏天签，2019年夏天到期
伊托万-摩尔（E'Twaun Moore）,G（55号）,1.93米/6尺4,87公斤/191磅,1989-02-25,新奥尔良鹈鹕,普渡大学,2011年第2轮第25顺位,美国,845万美元,4年3400万美元，2016年夏天签，2020年夏天到期
达柳斯-米勒（Darius Miller）,F（21号）,2.03米/6尺8,102公斤/225磅,1990-03-21,新奥尔良鹈鹕,肯塔基大学,2012年第2轮第16顺位,美国,210万美元,2年431万美元，2017年夏天签，2019年夏天到期，2018-19赛季无保障，2018年6月28日之前不被裁则转为30万美元保障，2018年7月4日之前不被裁则转为全额保障
所罗门-希尔（Solomon Hill）,F（44号）,2.01米/6尺7,102公斤/225磅,1991-03-18,新奥尔良鹈鹕,亚利桑那大学,2013年第1轮第23顺位,美国,1175万美元,4年4800万美元，2016年夏天签，2020年夏天到期
尼古拉-米罗蒂奇（Nikola Mirotic）,F（3号）,2.08米/6尺10,108公斤/238磅,1991-02-11,新奥尔良鹈鹕,,2011年第1轮第23顺位,西班牙,1250万美元,2年2500万美元，2017年夏天签，2019年夏天到期，2018-19赛季球队选项，2017-18赛季拥有交易否决权
安东尼-戴维斯（Anthony Davis）,F-C（23号）,2.11米/6尺11,115公斤/253磅,1993-03-11,新奥尔良鹈鹕,肯塔基大学,2012年第1轮第1顺位,美国,2378万美元,5年1.3亿美元，2015年夏天签，2016年夏天生效，2021年夏天到期，2020-21赛季球员选项
朱-霍勒迪（Jrue Holiday）,G（11号）,1.93米/6尺4,93公斤/205磅,1990-06-12,新奥尔良鹈鹕,加州大学洛杉矶分校,2009年第1轮第17顺位,美国,2569万美元,5年1.31亿美元，2017年夏天签，2022年夏天到期，2021-22赛季球员选项，激励奖金
小德里克-琼斯（Derrick Jones Jr.）,F-G（5号）,2.01米/6尺7,86公斤/190磅,1997-02-15,迈阿密热火,内华达大学拉斯维加斯分校,,美国,7万美元,7.5万美元，2018年1月签，2018年夏天到期，双向合同
罗德尼-麦格鲁德（Rodney McGruder）,G-F（17号）,1.93米/6尺4,93公斤/205磅,1991-07-29,迈阿密热火,堪萨斯州立大学,,美国,54万美元,3年250万美元，2016年夏天签，2019年夏天到期；2016-17赛季10万美元保障，2016年7月30日之前不被裁则转为15万美元保障，常规赛开赛前不被裁则转为30万美元保障，2016年11月3
德里克-沃顿（Derrick Walton Jr.）,G（14号）,1.85米/6尺1,84公斤/185磅,1995-04-03,迈阿密热火,Michigan,,,7万美元,1年7.5万美元，2017年夏天签，2018年夏天到期，双向合同

乔丹-米基（Jordan Mickey）,C-F（25号）,2.03米/6尺8,107公斤/235磅,1994-07-09,迈阿密热火,路易斯安那州立大学,2015年第2轮第3顺位,美国,147万美元,2年307万美元，2017年夏天签，2019年夏天到期，2018-19赛季球队选项
约什-理查德森（Josh Richardson）,F,1.98米/6尺6,91公斤/200磅,1993-09-15,迈阿密热火,田纳西大学,2015年第2轮第10顺位,美国,147万美元,3年287万美元，2015年夏天签，2018年夏天到期；2017年9月以4年4197万美元提前续约，2018年夏天生效，2022年夏天到期，2021-22赛季球员选项
巴姆-阿德巴约（Bam Adebayo）,C-F（13号）,2.08米/6尺10,116公斤/255磅,1997-07-18,迈阿密热火,肯塔基大学,2017年第1轮第14顺位,美国,249万美元,4年1402万美元，2017年夏天签，2021年夏天到期，2019-20、2020-21赛季球队选项
贾斯蒂斯-温斯洛（Justise Winslow）,F（20号）,2.01米/6尺7,102公斤/225磅,1996-03-26,迈阿密热火,杜克大学,2015年第1轮第10顺位,美国,271万美元,4年1123万美元，2015年夏天签，2019年夏天到期，2017-18赛季、2018-19赛季球队选项
凯利-奥利尼克（Kelly Olynyk）,C-F（9号）,2.13米/7尺0,108公斤/238磅,1991-04-19,迈阿密热火,冈萨加大学,2013年第1轮第13顺位,加拿大,1061万美元,4年5000万美元，2017年夏天签，2021年夏天到期，560万不易达到的激励奖金，剩余合同价值的5%或200万美元的交易金（两者取其小），2020-2021赛季球员选项
泰勒-约翰逊（Tyler Johnson）,G（8号）,1.93米/6尺4,84公斤/186磅,1992-05-07,迈阿密热火,加利福尼亚州立大学弗雷斯诺分校,,美国,563万美元,4年5000万美元，2016年夏天签，2020年夏天到期，2019-20赛季球员选项，15%的交易保证金
迪昂-韦特斯（Dion Waiters）,G（11号）,1.93米/6尺4,100公斤/220磅,1991-12-10,迈阿密热火,雪城大学,2012年第1轮第4顺位,美国,1100万美元,4年5200万美元，2017年夏天签，2021年夏天到期，470万美元不易达到的激励奖金，2017-18赛季需至少出战70场比赛可获得110万美元激励奖金
詹姆斯-约翰逊（James Johnson）,F（16号）,2.06米/6尺9,113公斤/250磅,1987-02-20,迈阿密热火,维克森林大学,2009年第1轮第16顺位,美国,1373万美元,4年5912万美元，2017年夏天签，2021年夏天到期，2020-21赛季球员选项，94.6万可能拿到的激励奖金，其中2017-18赛季22万，另有其他体重控制奖金
戈兰-德拉季奇（Goran Dragic）,G（7号）,1.91米/6尺3,86公斤/190磅,1986-05-06,迈阿密热火,,2008年第2轮第15顺位,斯洛文尼亚,1700万美元,5年9000万美元，2015年夏天签，2020年夏天到期，2019-20赛季球员选项
哈桑-怀特塞德（Hassan Whiteside）,C（21号）,2.13米/7尺0,120公斤/265磅,1989-06-13,迈阿密热火,Marshall,2010年第2轮第3顺位,美国,2378万美元,4年9842万美元，2016年夏天签，2020年夏天到期，2019-2020赛季球员选项
乔金-诺阿（Joakim Noah）,C（13号）,2.11米/6尺11,104公斤/230磅,1985-02-25,纽约尼克斯,佛罗里达大学,2007年第1轮第9顺位,美国/法国/瑞典,1777万美元,4年7259万美元，2016年夏天签，2020年夏天到期
埃内斯-坎特（Enes Kanter）,C（00号）,2.11米/6尺11,111公斤/245磅,1992-05-20,纽约尼克斯,肯塔基大学,2011年第1轮第3顺位,土耳其,1788万美元,4年7006万美元，2015年夏天签，2019年夏天到期，2018-19赛季球员选项，包含15%交易保证金
优素福-萨农（Issuf Sanon）,G,1.93米/6尺4,84公斤/185磅,1999-10-30,华盛顿奇才,,2018年第2轮第14顺位,乌克兰,,
托马斯-布莱恩特（Thomas Bryant）,C-F,2.08米/6尺10,112公斤/248磅,1997-07-31,华盛顿奇才,印第安纳大学,2017年第2轮第12顺位,美国,,
托马什-萨托兰斯基（Tomas Satoransky）,F-G（31号）,2.01米/6尺7,95公斤/210磅,1991-10-30,华盛顿奇才,,2012年第2轮第2顺位,捷克,300万美元,3年900万美元，2016年夏天签，2019年夏天到期
马基夫-莫里斯（Markieff Morris）,F（5号）,2.08米/6尺10,111公斤/245磅,1989-09-02,华盛顿奇才,堪萨斯大学,2011年第1轮第13顺位,美国,800万美元,4年3200万美元，2014年9月签，2015年夏天生效，2019年夏天到期
特洛伊-布朗（Troy Brown）,F-G,2.01米/6尺7,98公斤/215磅,1999-07-28,华盛顿奇才,俄勒冈大学,2018年第1轮第15顺位,美国,,
杰夫-格林（Jeff Green）,F,2.06米/6尺9,107公斤/235磅,1986-08-28,华盛顿奇才,乔治城大学,2007年第1轮第5顺位,美国,,
德文-罗宾逊（Devin Robinson）,F（7号）,2.03米/6尺8,91公斤/200磅,1995-03-07,华盛顿奇才,佛罗里达大学,,美国,7万美元,1年7.5万美元，2017年夏天签，2018年夏天到期，双向合同
凯利-乌布雷（Kelly Oubre Jr.）,F（12号）,2.01米/6尺7,93公斤/205磅,1995-12-09,华盛顿奇才,堪萨斯大学,2015年第1轮第15顺位,美国,209万美元,4年923万美元，2015年夏天签，2019年夏天到期，2017-18赛季、2018-19赛季球队选项
奥斯汀-里弗斯（Austin Rivers）,G（1号）,1.93米/6尺4,91公斤/200磅,1992-08-01,华盛顿奇才,杜克大学,2012年第1轮第10顺位,美国,1167万美元,3年3500万美元，2016年夏天签，2019年夏天到期，2018-19赛季球员选项
J.P. Macura
,G,1.96米/6尺5,92公斤/203磅,1995-06-05,夏洛特黄蜂,Xavier,,,,
阿诺达斯-库尔博卡（Arnoldas Kulboka）,F,2.06米/6尺9,100公斤/220磅,1998-01-04,夏洛特黄蜂,,2018年第2轮第25顺位,立陶宛,,
伊安-马辛米（Ian Mahinmi）,C（28号）,2.11米/6尺11,119公斤/262磅,1986-11-05,华盛顿奇才,,2005年第1轮第28顺位,法国,1666万美元,4年6400万美元，2016年夏天签，2020年夏天到期
约翰-沃尔（John Wall）,G（2号）,1.93米/6尺4,95公斤/210磅,1990-09-06,华盛顿奇才,肯塔基大学,2010年第1轮第1顺位,美国,1806万美元,5年8478万，2013年夏天签，2014年夏天生效，2019年夏天到期；2017年夏天以4年1.7亿美元提前续约至2023年，2022-23赛季球员选项
德怀特-霍华德（Dwight Howard）,C,2.11米/6尺11,120公斤/265磅,1985-12-08,华盛顿奇才,,2004年第1轮第1顺位,美国,2350万美元,3年7050万美元，2016年夏天签，2019年夏天到期
布拉德利-比尔（Bradley Beal）,G（3号）,1.96米/6尺5,94公斤/207磅,1993-06-28,华盛顿奇才,佛罗里达大学,2012年第1轮第3顺位,美国,2378万美元,5年1.27亿美元，2016年夏天签，2021年夏天到期
托尼-帕克（Tony Parker）,G,1.88米/6尺2,84公斤/185磅,1982-05-17,夏洛特黄蜂,,2001年第1轮第28顺位,法国,,
奥托-波特（Otto Porter Jr.）,F（22号）,2.03米/6尺8,90公斤/198磅,1993-06-03,华盛顿奇才,乔治城大学,2013年第1轮第3顺位,美国,2477万美元,4年1.06亿美元，2017年夏天签，2021年夏天到期，2020-2021赛季球员选项
德文特-格雷厄姆（Devonte' Graham）,G（4号）,1.88米/6尺2,84公斤/185磅,1995-02-22,夏洛特黄蜂,堪萨斯大学,2018年第2轮第4顺位,美国,,
哈米杜-迪亚洛（Hamidou Diallo）,G,1.96米/6尺5,90公斤/198磅,1998-07-31,夏洛特黄蜂,肯塔基大学,2018年第2轮第15顺位,美国,,
迈尔斯-布里奇斯（Miles Bridges）,F-G,1.98米/6尺6,102公斤/226磅,1998-03-21,夏洛特黄蜂,密歇根州立大学,2018年第1轮第12顺位,美国,,
曼戈-马蒂安（Mangok Mathiang）,F-C（9号）,2.08米/6尺10,104公斤/230磅,1992-10-08,夏洛特黄蜂,Louisville,,,7万美元,1年7.5万美元，2017年11月签，2018年夏天到期，双向合同
弗兰克-卡明斯基（Frank Kaminsky）,F-C（44号）,2.13米/7尺0,109公斤/240磅,1993-04-04,夏洛特黄蜂,威斯康星大学,2015年第1轮第9顺位,美国,285万美元,4年1222万美元，2015年夏天签，2019年夏天到期，2017-18赛季、2018-19赛季球队选项
吉列尔莫-埃尔南戈麦斯（Willy Hernangomez）,C（41号）,2.11米/6尺11,109公斤/240磅,1994-05-27,夏洛特黄蜂,,2015年第2轮第5顺位,西班牙,144万美元,4年586万美元，2016年夏天签，2020年夏天到期，2019-20赛季无保障
马利克-蒙克（Malik Monk）,G（1号）,1.91米/6尺3,91公斤/200磅,1998-02-04,夏洛特黄蜂,肯塔基大学,2017年第1轮第11顺位,美国,290万美元,
德维恩-培根（Dwayne Bacon）,F-G（7号）,2.01米/6尺7,100公斤/220磅,1995-08-30,夏洛特黄蜂,佛罗里达州立大学,2017年第2轮第10顺位,美国,82万美元,3年381万美元，2017年夏天签，2020年夏天到期，2019-20赛季无保障，2019年8月1日前不被裁则转为全额保障
杰里米-兰姆（Jeremy Lamb）,G（3号）,1.96米/6尺5,84公斤/185磅,1992-05-30,夏洛特黄蜂,康涅狄格大学,2012年第1轮第12顺位,美国,700万美元,3年2100万美元，2015年11月签，2016年夏天生效，2019年夏天到期
肯巴-沃克（Kemba Walker）,G（15号）,1.85米/6尺1,83公斤/184磅,1990-05-08,夏洛特黄蜂,康涅狄格大学,2011年第1轮第9顺位,美国,1200万美元,4年4800万美元，2014年10月份签，2015年夏天生效，2019年夏天到期
科迪-泽勒（Cody Zeller）,C-F（40号）,2.13米/7尺0,109公斤/240磅,1992-10-05,夏洛特黄蜂,印第安纳大学,2013年第1轮第4顺位,美国,1258万美元,4年1740万美元，2013年夏天签，2017年夏天到期，2016年10月以4年5600万美元续约，2017年夏天生效，2021年夏天到期
马文-威廉姆斯（Marvin Williams）,F（2号）,2.06米/6尺9,107公斤/237磅,1986-06-19,夏洛特黄蜂,北卡罗莱纳大学,2005年第1轮第2顺位,美国,1317万美元,4年5451万美元，2016年夏天签，2020年夏天到期，2019-20赛季球员选项
迈克尔-基德-吉尔克里斯特（Michael Kidd-Gilchrist）,F（14号）,2.01米/6尺7,105公斤/232磅,1993-09-26,夏洛特黄蜂,肯塔基大学,2012年第1轮第2顺位,美国,1300万美元,4年5200万美元，2015年夏天签，2016年夏天生效，2020年夏天到期，2019-20赛季球员选项
尼古拉斯-巴图姆（Nicolas Batum）,G-F（5号）,2.03米/6尺8,91公斤/200磅,1988-12-14,夏洛特黄蜂,,2008年第1轮第25顺位,法国,2243万美元,5年1.2亿美元，2016年夏天签，2021年夏天到期，2020-21赛季球员选项
俾斯麦-比永博（Bismack Biyombo）,C-F,2.06米/6尺9,116公斤/255磅,1992-08-28,夏洛特黄蜂,,2011年第1轮第7顺位,刚果（金）,1700万美元,4年7200万美元，2016年夏天签，2020年夏天到期，2019-20赛季球员选项，400万美元激励奖金